date,league,home_team,away_team,home_goals,away_goals,season,source
2021-08-13T00:00:00Z,E0,Brentford,Arsenal,2,0,2021-22,epl_2021_22.csv
2021-08-14T00:00:00Z,E0,Burnley,Brighton,1,2,2021-22,epl_2021_22.csv
2021-08-14T00:00:00Z,E0,Chelsea,Crystal Palace,3,0,2021-22,epl_2021_22.csv
2021-08-14T00:00:00Z,E0,Everton,Southampton,3,1,2021-22,epl_2021_22.csv
2021-08-14T00:00:00Z,E0,Leicester,Wolves,1,0,2021-22,epl_2021_22.csv
2021-08-14T00:00:00Z,E0,Man United,Leeds,5,1,2021-22,epl_2021_22.csv
2021-08-14T00:00:00Z,E0,Norwich,Liverpool,0,3,2021-22,epl_2021_22.csv
2021-08-14T00:00:00Z,E0,Watford,Aston Villa,3,2,2021-22,epl_2021_22.csv
2021-08-15T00:00:00Z,E0,Newcastle,West Ham,2,4,2021-22,epl_2021_22.csv
2021-08-15T00:00:00Z,E0,Tottenham,Man City,1,0,2021-22,epl_2021_22.csv
2021-08-21T00:00:00Z,E0,Aston Villa,Newcastle,2,0,2021-22,epl_2021_22.csv
2021-08-21T00:00:00Z,E0,Brighton,Watford,2,0,2021-22,epl_2021_22.csv
2021-08-21T00:00:00Z,E0,Crystal Palace,Brentford,0,0,2021-22,epl_2021_22.csv
2021-08-21T00:00:00Z,E0,Leeds,Everton,2,2,2021-22,epl_2021_22.csv
2021-08-21T00:00:00Z,E0,Liverpool,Burnley,2,0,2021-22,epl_2021_22.csv
2021-08-21T00:00:00Z,E0,Man City,Norwich,5,0,2021-22,epl_2021_22.csv
2021-08-22T00:00:00Z,E0,Arsenal,Chelsea,0,2,2021-22,epl_2021_22.csv
2021-08-22T00:00:00Z,E0,Southampton,Man United,1,1,2021-22,epl_2021_22.csv
2021-08-22T00:00:00Z,E0,Wolves,Tottenham,0,1,2021-22,epl_2021_22.csv
2021-08-23T00:00:00Z,E0,West Ham,Leicester,4,1,2021-22,epl_2021_22.csv
2021-08-28T00:00:00Z,E0,Aston Villa,Brentford,1,1,2021-22,epl_2021_22.csv
2021-08-28T00:00:00Z,E0,Brighton,Everton,0,2,2021-22,epl_2021_22.csv
2021-08-28T00:00:00Z,E0,Liverpool,Chelsea,1,1,2021-22,epl_2021_22.csv
2021-08-28T00:00:00Z,E0,Man City,Arsenal,5,0,2021-22,epl_2021_22.csv
2021-08-28T00:00:00Z,E0,Newcastle,Southampton,2,2,2021-22,epl_2021_22.csv
2021-08-28T00:00:00Z,E0,Norwich,Leicester,1,2,2021-22,epl_2021_22.csv
2021-08-28T00:00:00Z,E0,West Ham,Crystal Palace,2,2,2021-22,epl_2021_22.csv
2021-08-29T00:00:00Z,E0,Burnley,Leeds,1,1,2021-22,epl_2021_22.csv
2021-08-29T00:00:00Z,E0,Tottenham,Watford,1,0,2021-22,epl_2021_22.csv
2021-08-29T00:00:00Z,E0,Wolves,Man United,0,1,2021-22,epl_2021_22.csv
2021-09-11T00:00:00Z,E0,Arsenal,Norwich,1,0,2021-22,epl_2021_22.csv
2021-09-11T00:00:00Z,E0,Brentford,Brighton,0,1,2021-22,epl_2021_22.csv
2021-09-11T00:00:00Z,E0,Chelsea,Aston Villa,3,0,2021-22,epl_2021_22.csv
2021-09-11T00:00:00Z,E0,Crystal Palace,Tottenham,3,0,2021-22,epl_2021_22.csv
2021-09-11T00:00:00Z,E0,Leicester,Man City,0,1,2021-22,epl_2021_22.csv
2021-09-11T00:00:00Z,E0,Man United,Newcastle,4,1,2021-22,epl_2021_22.csv
2021-09-11T00:00:00Z,E0,Southampton,West Ham,0,0,2021-22,epl_2021_22.csv
2021-09-11T00:00:00Z,E0,Watford,Wolves,0,2,2021-22,epl_2021_22.csv
2021-09-12T00:00:00Z,E0,Leeds,Liverpool,0,3,2021-22,epl_2021_22.csv
2021-09-13T00:00:00Z,E0,Everton,Burnley,3,1,2021-22,epl_2021_22.csv
2021-09-17T00:00:00Z,E0,Newcastle,Leeds,1,1,2021-22,epl_2021_22.csv
2021-09-18T00:00:00Z,E0,Aston Villa,Everton,3,0,2021-22,epl_2021_22.csv
2021-09-18T00:00:00Z,E0,Burnley,Arsenal,0,1,2021-22,epl_2021_22.csv
2021-09-18T00:00:00Z,E0,Liverpool,Crystal Palace,3,0,2021-22,epl_2021_22.csv
2021-09-18T00:00:00Z,E0,Man City,Southampton,0,0,2021-22,epl_2021_22.csv
2021-09-18T00:00:00Z,E0,Norwich,Watford,1,3,2021-22,epl_2021_22.csv
2021-09-18T00:00:00Z,E0,Wolves,Brentford,0,2,2021-22,epl_2021_22.csv
2021-09-19T00:00:00Z,E0,Brighton,Leicester,2,1,2021-22,epl_2021_22.csv
2021-09-19T00:00:00Z,E0,Tottenham,Chelsea,0,3,2021-22,epl_2021_22.csv
2021-09-19T00:00:00Z,E0,West Ham,Man United,1,2,2021-22,epl_2021_22.csv
2021-09-25T00:00:00Z,E0,Brentford,Liverpool,3,3,2021-22,epl_2021_22.csv
2021-09-25T00:00:00Z,E0,Chelsea,Man City,0,1,2021-22,epl_2021_22.csv
2021-09-25T00:00:00Z,E0,Everton,Norwich,2,0,2021-22,epl_2021_22.csv
2021-09-25T00:00:00Z,E0,Leeds,West Ham,1,2,2021-22,epl_2021_22.csv
2021-09-25T00:00:00Z,E0,Leicester,Burnley,2,2,2021-22,epl_2021_22.csv
2021-09-25T00:00:00Z,E0,Man United,Aston Villa,0,1,2021-22,epl_2021_22.csv
2021-09-25T00:00:00Z,E0,Watford,Newcastle,1,1,2021-22,epl_2021_22.csv
2021-09-26T00:00:00Z,E0,Arsenal,Tottenham,3,1,2021-22,epl_2021_22.csv
2021-09-26T00:00:00Z,E0,Southampton,Wolves,0,1,2021-22,epl_2021_22.csv
2021-09-27T00:00:00Z,E0,Crystal Palace,Brighton,1,1,2021-22,epl_2021_22.csv
2021-10-02T00:00:00Z,E0,Brighton,Arsenal,0,0,2021-22,epl_2021_22.csv
2021-10-02T00:00:00Z,E0,Burnley,Norwich,0,0,2021-22,epl_2021_22.csv
2021-10-02T00:00:00Z,E0,Chelsea,Southampton,3,1,2021-22,epl_2021_22.csv
2021-10-02T00:00:00Z,E0,Leeds,Watford,1,0,2021-22,epl_2021_22.csv
2021-10-02T00:00:00Z,E0,Man United,Everton,1,1,2021-22,epl_2021_22.csv
2021-10-02T00:00:00Z,E0,Wolves,Newcastle,2,1,2021-22,epl_2021_22.csv
2021-10-03T00:00:00Z,E0,Crystal Palace,Leicester,2,2,2021-22,epl_2021_22.csv
2021-10-03T00:00:00Z,E0,Liverpool,Man City,2,2,2021-22,epl_2021_22.csv
2021-10-03T00:00:00Z,E0,Tottenham,Aston Villa,2,1,2021-22,epl_2021_22.csv
2021-10-03T00:00:00Z,E0,West Ham,Brentford,1,2,2021-22,epl_2021_22.csv
2021-10-16T00:00:00Z,E0,Aston Villa,Wolves,2,3,2021-22,epl_2021_22.csv
2021-10-16T00:00:00Z,E0,Brentford,Chelsea,0,1,2021-22,epl_2021_22.csv
2021-10-16T00:00:00Z,E0,Leicester,Man United,4,2,2021-22,epl_2021_22.csv
2021-10-16T00:00:00Z,E0,Man City,Burnley,2,0,2021-22,epl_2021_22.csv
2021-10-16T00:00:00Z,E0,Norwich,Brighton,0,0,2021-22,epl_2021_22.csv
2021-10-16T00:00:00Z,E0,Southampton,Leeds,1,0,2021-22,epl_2021_22.csv
2021-10-16T00:00:00Z,E0,Watford,Liverpool,0,5,2021-22,epl_2021_22.csv
2021-10-17T00:00:00Z,E0,Everton,West Ham,0,1,2021-22,epl_2021_22.csv
2021-10-17T00:00:00Z,E0,Newcastle,Tottenham,2,3,2021-22,epl_2021_22.csv
2021-10-18T00:00:00Z,E0,Arsenal,Crystal Palace,2,2,2021-22,epl_2021_22.csv
2021-10-22T00:00:00Z,E0,Arsenal,Aston Villa,3,1,2021-22,epl_2021_22.csv
2021-10-23T00:00:00Z,E0,Brighton,Man City,1,4,2021-22,epl_2021_22.csv
2021-10-23T00:00:00Z,E0,Chelsea,Norwich,7,0,2021-22,epl_2021_22.csv
2021-10-23T00:00:00Z,E0,Crystal Palace,Newcastle,1,1,2021-22,epl_2021_22.csv
2021-10-23T00:00:00Z,E0,Everton,Watford,2,5,2021-22,epl_2021_22.csv
2021-10-23T00:00:00Z,E0,Leeds,Wolves,1,1,2021-22,epl_2021_22.csv
2021-10-23T00:00:00Z,E0,Southampton,Burnley,2,2,2021-22,epl_2021_22.csv
2021-10-24T00:00:00Z,E0,Brentford,Leicester,1,2,2021-22,epl_2021_22.csv
2021-10-24T00:00:00Z,E0,Man United,Liverpool,0,5,2021-22,epl_2021_22.csv
2021-10-24T00:00:00Z,E0,West Ham,Tottenham,1,0,2021-22,epl_2021_22.csv
2021-10-30T00:00:00Z,E0,Burnley,Brentford,3,1,2021-22,epl_2021_22.csv
2021-10-30T00:00:00Z,E0,Leicester,Arsenal,0,2,2021-22,epl_2021_22.csv
2021-10-30T00:00:00Z,E0,Liverpool,Brighton,2,2,2021-22,epl_2021_22.csv
2021-10-30T00:00:00Z,E0,Man City,Crystal Palace,0,2,2021-22,epl_2021_22.csv
2021-10-30T00:00:00Z,E0,Newcastle,Chelsea,0,3,2021-22,epl_2021_22.csv
2021-10-30T00:00:00Z,E0,Tottenham,Man United,0,3,2021-22,epl_2021_22.csv
2021-10-30T00:00:00Z,E0,Watford,Southampton,0,1,2021-22,epl_2021_22.csv
2021-10-31T00:00:00Z,E0,Aston Villa,West Ham,1,4,2021-22,epl_2021_22.csv
2021-10-31T00:00:00Z,E0,Norwich,Leeds,1,2,2021-22,epl_2021_22.csv
2021-11-01T00:00:00Z,E0,Wolves,Everton,2,1,2021-22,epl_2021_22.csv
2021-11-05T00:00:00Z,E0,Southampton,Aston Villa,1,0,2021-22,epl_2021_22.csv
2021-11-06T00:00:00Z,E0,Brentford,Norwich,1,2,2021-22,epl_2021_22.csv
2021-11-06T00:00:00Z,E0,Brighton,Newcastle,1,1,2021-22,epl_2021_22.csv
2021-11-06T00:00:00Z,E0,Chelsea,Burnley,1,1,2021-22,epl_2021_22.csv
2021-11-06T00:00:00Z,E0,Crystal Palace,Wolves,2,0,2021-22,epl_2021_22.csv
2021-11-06T00:00:00Z,E0,Man United,Man City,0,2,2021-22,epl_2021_22.csv
2021-11-07T00:00:00Z,E0,Arsenal,Watford,1,0,2021-22,epl_2021_22.csv
2021-11-07T00:00:00Z,E0,Everton,Tottenham,0,0,2021-22,epl_2021_22.csv
2021-11-07T00:00:00Z,E0,Leeds,Leicester,1,1,2021-22,epl_2021_22.csv
2021-11-07T00:00:00Z,E0,West Ham,Liverpool,3,2,2021-22,epl_2021_22.csv
2021-11-20T00:00:00Z,E0,Aston Villa,Brighton,2,0,2021-22,epl_2021_22.csv
2021-11-20T00:00:00Z,E0,Burnley,Crystal Palace,3,3,2021-22,epl_2021_22.csv
2021-11-20T00:00:00Z,E0,Leicester,Chelsea,0,3,2021-22,epl_2021_22.csv
2021-11-20T00:00:00Z,E0,Liverpool,Arsenal,4,0,2021-22,epl_2021_22.csv
2021-11-20T00:00:00Z,E0,Newcastle,Brentford,3,3,2021-22,epl_2021_22.csv
2021-11-20T00:00:00Z,E0,Norwich,Southampton,2,1,2021-22,epl_2021_22.csv
2021-11-20T00:00:00Z,E0,Watford,Man United,4,1,2021-22,epl_2021_22.csv
2021-11-20T00:00:00Z,E0,Wolves,West Ham,1,0,2021-22,epl_2021_22.csv
2021-11-21T00:00:00Z,E0,Man City,Everton,3,0,2021-22,epl_2021_22.csv
2021-11-21T00:00:00Z,E0,Tottenham,Leeds,2,1,2021-22,epl_2021_22.csv
2021-11-27T00:00:00Z,E0,Arsenal,Newcastle,2,0,2021-22,epl_2021_22.csv
2021-11-27T00:00:00Z,E0,Brighton,Leeds,0,0,2021-22,epl_2021_22.csv
2021-11-27T00:00:00Z,E0,Crystal Palace,Aston Villa,1,2,2021-22,epl_2021_22.csv
2021-11-27T00:00:00Z,E0,Liverpool,Southampton,4,0,2021-22,epl_2021_22.csv
2021-11-27T00:00:00Z,E0,Norwich,Wolves,0,0,2021-22,epl_2021_22.csv
2021-11-28T00:00:00Z,E0,Brentford,Everton,1,0,2021-22,epl_2021_22.csv
2021-11-28T00:00:00Z,E0,Chelsea,Man United,1,1,2021-22,epl_2021_22.csv
2021-11-28T00:00:00Z,E0,Leicester,Watford,4,2,2021-22,epl_2021_22.csv
2021-11-28T00:00:00Z,E0,Man City,West Ham,2,1,2021-22,epl_2021_22.csv
2021-11-30T00:00:00Z,E0,Leeds,Crystal Palace,1,0,2021-22,epl_2021_22.csv
2021-11-30T00:00:00Z,E0,Newcastle,Norwich,1,1,2021-22,epl_2021_22.csv
2021-12-01T00:00:00Z,E0,Aston Villa,Man City,1,2,2021-22,epl_2021_22.csv
2021-12-01T00:00:00Z,E0,Everton,Liverpool,1,4,2021-22,epl_2021_22.csv
2021-12-01T00:00:00Z,E0,Southampton,Leicester,2,2,2021-22,epl_2021_22.csv
2021-12-01T00:00:00Z,E0,Watford,Chelsea,1,2,2021-22,epl_2021_22.csv
2021-12-01T00:00:00Z,E0,West Ham,Brighton,1,1,2021-22,epl_2021_22.csv
2021-12-01T00:00:00Z,E0,Wolves,Burnley,0,0,2021-22,epl_2021_22.csv
2021-12-02T00:00:00Z,E0,Man United,Arsenal,3,2,2021-22,epl_2021_22.csv
2021-12-02T00:00:00Z,E0,Tottenham,Brentford,2,0,2021-22,epl_2021_22.csv
2021-12-04T00:00:00Z,E0,Newcastle,Burnley,1,0,2021-22,epl_2021_22.csv
2021-12-04T00:00:00Z,E0,Southampton,Brighton,1,1,2021-22,epl_2021_22.csv
2021-12-04T00:00:00Z,E0,Watford,Man City,1,3,2021-22,epl_2021_22.csv
2021-12-04T00:00:00Z,E0,West Ham,Chelsea,3,2,2021-22,epl_2021_22.csv
2021-12-04T00:00:00Z,E0,Wolves,Liverpool,0,1,2021-22,epl_2021_22.csv
2021-12-05T00:00:00Z,E0,Aston Villa,Leicester,2,1,2021-22,epl_2021_22.csv
2021-12-05T00:00:00Z,E0,Leeds,Brentford,2,2,2021-22,epl_2021_22.csv
2021-12-05T00:00:00Z,E0,Man United,Crystal Palace,1,0,2021-22,epl_2021_22.csv
2021-12-05T00:00:00Z,E0,Tottenham,Norwich,3,0,2021-22,epl_2021_22.csv
2021-12-06T00:00:00Z,E0,Everton,Arsenal,2,1,2021-22,epl_2021_22.csv
2021-12-10T00:00:00Z,E0,Brentford,Watford,2,1,2021-22,epl_2021_22.csv
2021-12-11T00:00:00Z,E0,Arsenal,Southampton,3,0,2021-22,epl_2021_22.csv
2021-12-11T00:00:00Z,E0,Chelsea,Leeds,3,2,2021-22,epl_2021_22.csv
2021-12-11T00:00:00Z,E0,Liverpool,Aston Villa,1,0,2021-22,epl_2021_22.csv
2021-12-11T00:00:00Z,E0,Man City,Wolves,1,0,2021-22,epl_2021_22.csv
2021-12-11T00:00:00Z,E0,Norwich,Man United,0,1,2021-22,epl_2021_22.csv
2021-12-12T00:00:00Z,E0,Burnley,West Ham,0,0,2021-22,epl_2021_22.csv
2021-12-12T00:00:00Z,E0,Crystal Palace,Everton,3,1,2021-22,epl_2021_22.csv
2021-12-12T00:00:00Z,E0,Leicester,Newcastle,4,0,2021-22,epl_2021_22.csv
2021-12-14T00:00:00Z,E0,Man City,Leeds,7,0,2021-22,epl_2021_22.csv
2021-12-14T00:00:00Z,E0,Norwich,Aston Villa,0,2,2021-22,epl_2021_22.csv
2021-12-15T00:00:00Z,E0,Arsenal,West Ham,2,0,2021-22,epl_2021_22.csv
2021-12-15T00:00:00Z,E0,Brighton,Wolves,0,1,2021-22,epl_2021_22.csv
2021-12-15T00:00:00Z,E0,Crystal Palace,Southampton,2,2,2021-22,epl_2021_22.csv
2021-12-16T00:00:00Z,E0,Chelsea,Everton,1,1,2021-22,epl_2021_22.csv
2021-12-16T00:00:00Z,E0,Liverpool,Newcastle,3,1,2021-22,epl_2021_22.csv
2021-12-18T00:00:00Z,E0,Leeds,Arsenal,1,4,2021-22,epl_2021_22.csv
2021-12-19T00:00:00Z,E0,Newcastle,Man City,0,4,2021-22,epl_2021_22.csv
2021-12-19T00:00:00Z,E0,Tottenham,Liverpool,2,2,2021-22,epl_2021_22.csv
2021-12-19T00:00:00Z,E0,Wolves,Chelsea,0,0,2021-22,epl_2021_22.csv
2021-12-26T00:00:00Z,E0,Aston Villa,Chelsea,1,3,2021-22,epl_2021_22.csv
2021-12-26T00:00:00Z,E0,Brighton,Brentford,2,0,2021-22,epl_2021_22.csv
2021-12-26T00:00:00Z,E0,Man City,Leicester,6,3,2021-22,epl_2021_22.csv
2021-12-26T00:00:00Z,E0,Norwich,Arsenal,0,5,2021-22,epl_2021_22.csv
2021-12-26T00:00:00Z,E0,Tottenham,Crystal Palace,3,0,2021-22,epl_2021_22.csv
2021-12-26T00:00:00Z,E0,West Ham,Southampton,2,3,2021-22,epl_2021_22.csv
2021-12-27T00:00:00Z,E0,Newcastle,Man United,1,1,2021-22,epl_2021_22.csv
2021-12-28T00:00:00Z,E0,Crystal Palace,Norwich,3,0,2021-22,epl_2021_22.csv
2021-12-28T00:00:00Z,E0,Leicester,Liverpool,1,0,2021-22,epl_2021_22.csv
2021-12-28T00:00:00Z,E0,Southampton,Tottenham,1,1,2021-22,epl_2021_22.csv
2021-12-28T00:00:00Z,E0,Watford,West Ham,1,4,2021-22,epl_2021_22.csv
2021-12-29T00:00:00Z,E0,Brentford,Man City,0,1,2021-22,epl_2021_22.csv
2021-12-29T00:00:00Z,E0,Chelsea,Brighton,1,1,2021-22,epl_2021_22.csv
2021-12-30T00:00:00Z,E0,Man United,Burnley,3,1,2021-22,epl_2021_22.csv
2022-01-01T00:00:00Z,E0,Arsenal,Man City,1,2,2021-22,epl_2021_22.csv
2022-01-01T00:00:00Z,E0,Crystal Palace,West Ham,2,3,2021-22,epl_2021_22.csv
2022-01-01T00:00:00Z,E0,Watford,Tottenham,0,1,2021-22,epl_2021_22.csv
2022-01-02T00:00:00Z,E0,Brentford,Aston Villa,2,1,2021-22,epl_2021_22.csv
2022-01-02T00:00:00Z,E0,Chelsea,Liverpool,2,2,2021-22,epl_2021_22.csv
2022-01-02T00:00:00Z,E0,Everton,Brighton,2,3,2021-22,epl_2021_22.csv
2022-01-02T00:00:00Z,E0,Leeds,Burnley,3,1,2021-22,epl_2021_22.csv
2022-01-03T00:00:00Z,E0,Man United,Wolves,0,1,2021-22,epl_2021_22.csv
2022-01-11T00:00:00Z,E0,Southampton,Brentford,4,1,2021-22,epl_2021_22.csv
2022-01-12T00:00:00Z,E0,West Ham,Norwich,2,0,2021-22,epl_2021_22.csv
2022-01-14T00:00:00Z,E0,Brighton,Crystal Palace,1,1,2021-22,epl_2021_22.csv
2022-01-15T00:00:00Z,E0,Aston Villa,Man United,2,2,2021-22,epl_2021_22.csv
2022-01-15T00:00:00Z,E0,Man City,Chelsea,1,0,2021-22,epl_2021_22.csv
2022-01-15T00:00:00Z,E0,Newcastle,Watford,1,1,2021-22,epl_2021_22.csv
2022-01-15T00:00:00Z,E0,Norwich,Everton,2,1,2021-22,epl_2021_22.csv
2022-01-15T00:00:00Z,E0,Wolves,Southampton,3,1,2021-22,epl_2021_22.csv
2022-01-16T00:00:00Z,E0,Liverpool,Brentford,3,0,2021-22,epl_2021_22.csv
2022-01-16T00:00:00Z,E0,West Ham,Leeds,2,3,2021-22,epl_2021_22.csv
2022-01-18T00:00:00Z,E0,Brighton,Chelsea,1,1,2021-22,epl_2021_22.csv
2022-01-19T00:00:00Z,E0,Brentford,Man United,1,3,2021-22,epl_2021_22.csv
2022-01-19T00:00:00Z,E0,Leicester,Tottenham,2,3,2021-22,epl_2021_22.csv
2022-01-21T00:00:00Z,E0,Watford,Norwich,0,3,2021-22,epl_2021_22.csv
2022-01-22T00:00:00Z,E0,Brentford,Wolves,1,2,2021-22,epl_2021_22.csv
2022-01-22T00:00:00Z,E0,Everton,Aston Villa,0,1,2021-22,epl_2021_22.csv
2022-01-22T00:00:00Z,E0,Leeds,Newcastle,0,1,2021-22,epl_2021_22.csv
2022-01-22T00:00:00Z,E0,Man United,West Ham,1,0,2021-22,epl_2021_22.csv
2022-01-22T00:00:00Z,E0,Southampton,Man City,1,1,2021-22,epl_2021_22.csv
2022-01-23T00:00:00Z,E0,Arsenal,Burnley,0,0,2021-22,epl_2021_22.csv
2022-01-23T00:00:00Z,E0,Chelsea,Tottenham,2,0,2021-22,epl_2021_22.csv
2022-01-23T00:00:00Z,E0,Crystal Palace,Liverpool,1,3,2021-22,epl_2021_22.csv
2022-01-23T00:00:00Z,E0,Leicester,Brighton,1,1,2021-22,epl_2021_22.csv
2022-02-05T00:00:00Z,E0,Burnley,Watford,0,0,2021-22,epl_2021_22.csv
2022-02-08T00:00:00Z,E0,Burnley,Man United,1,1,2021-22,epl_2021_22.csv
2022-02-08T00:00:00Z,E0,Newcastle,Everton,3,1,2021-22,epl_2021_22.csv
2022-02-08T00:00:00Z,E0,West Ham,Watford,1,0,2021-22,epl_2021_22.csv
2022-02-09T00:00:00Z,E0,Aston Villa,Leeds,3,3,2021-22,epl_2021_22.csv
2022-02-09T00:00:00Z,E0,Man City,Brentford,2,0,2021-22,epl_2021_22.csv
2022-02-09T00:00:00Z,E0,Norwich,Crystal Palace,1,1,2021-22,epl_2021_22.csv
2022-02-09T00:00:00Z,E0,Tottenham,Southampton,2,3,2021-22,epl_2021_22.csv
2022-02-10T00:00:00Z,E0,Liverpool,Leicester,2,0,2021-22,epl_2021_22.csv
2022-02-10T00:00:00Z,E0,Wolves,Arsenal,0,1,2021-22,epl_2021_22.csv
2022-02-12T00:00:00Z,E0,Brentford,Crystal Palace,0,0,2021-22,epl_2021_22.csv
2022-02-12T00:00:00Z,E0,Everton,Leeds,3,0,2021-22,epl_2021_22.csv
2022-02-12T00:00:00Z,E0,Man United,Southampton,1,1,2021-22,epl_2021_22.csv
2022-02-12T00:00:00Z,E0,Norwich,Man City,0,4,2021-22,epl_2021_22.csv
2022-02-12T00:00:00Z,E0,Watford,Brighton,0,2,2021-22,epl_2021_22.csv
2022-02-13T00:00:00Z,E0,Burnley,Liverpool,0,1,2021-22,epl_2021_22.csv
2022-02-13T00:00:00Z,E0,Leicester,West Ham,2,2,2021-22,epl_2021_22.csv
2022-02-13T00:00:00Z,E0,Newcastle,Aston Villa,1,0,2021-22,epl_2021_22.csv
2022-02-13T00:00:00Z,E0,Tottenham,Wolves,0,2,2021-22,epl_2021_22.csv
2022-02-15T00:00:00Z,E0,Man United,Brighton,2,0,2021-22,epl_2021_22.csv
2022-02-19T00:00:00Z,E0,Arsenal,Brentford,2,1,2021-22,epl_2021_22.csv
2022-02-19T00:00:00Z,E0,Aston Villa,Watford,0,1,2021-22,epl_2021_22.csv
2022-02-19T00:00:00Z,E0,Brighton,Burnley,0,3,2021-22,epl_2021_22.csv
2022-02-19T00:00:00Z,E0,Crystal Palace,Chelsea,0,1,2021-22,epl_2021_22.csv
2022-02-19T00:00:00Z,E0,Liverpool,Norwich,3,1,2021-22,epl_2021_22.csv
2022-02-19T00:00:00Z,E0,Man City,Tottenham,2,3,2021-22,epl_2021_22.csv
2022-02-19T00:00:00Z,E0,Southampton,Everton,2,0,2021-22,epl_2021_22.csv
2022-02-19T00:00:00Z,E0,West Ham,Newcastle,1,1,2021-22,epl_2021_22.csv
2022-02-20T00:00:00Z,E0,Leeds,Man United,2,4,2021-22,epl_2021_22.csv
2022-02-20T00:00:00Z,E0,Wolves,Leicester,2,1,2021-22,epl_2021_22.csv
2022-02-23T00:00:00Z,E0,Burnley,Tottenham,1,0,2021-22,epl_2021_22.csv
2022-02-23T00:00:00Z,E0,Liverpool,Leeds,6,0,2021-22,epl_2021_22.csv
2022-02-23T00:00:00Z,E0,Watford,Crystal Palace,1,4,2021-22,epl_2021_22.csv
2022-02-24T00:00:00Z,E0,Arsenal,Wolves,2,1,2021-22,epl_2021_22.csv
2022-02-25T00:00:00Z,E0,Southampton,Norwich,2,0,2021-22,epl_2021_22.csv
2022-02-26T00:00:00Z,E0,Brentford,Newcastle,0,2,2021-22,epl_2021_22.csv
2022-02-26T00:00:00Z,E0,Brighton,Aston Villa,0,2,2021-22,epl_2021_22.csv
2022-02-26T00:00:00Z,E0,Crystal Palace,Burnley,1,1,2021-22,epl_2021_22.csv
2022-02-26T00:00:00Z,E0,Everton,Man City,0,1,2021-22,epl_2021_22.csv
2022-02-26T00:00:00Z,E0,Leeds,Tottenham,0,4,2021-22,epl_2021_22.csv
2022-02-26T00:00:00Z,E0,Man United,Watford,0,0,2021-22,epl_2021_22.csv
2022-02-27T00:00:00Z,E0,West Ham,Wolves,1,0,2021-22,epl_2021_22.csv
2022-03-01T00:00:00Z,E0,Burnley,Leicester,0,2,2021-22,epl_2021_22.csv
2022-03-05T00:00:00Z,E0,Aston Villa,Southampton,4,0,2021-22,epl_2021_22.csv
2022-03-05T00:00:00Z,E0,Burnley,Chelsea,0,4,2021-22,epl_2021_22.csv
2022-03-05T00:00:00Z,E0,Leicester,Leeds,1,0,2021-22,epl_2021_22.csv
2022-03-05T00:00:00Z,E0,Liverpool,West Ham,1,0,2021-22,epl_2021_22.csv
2022-03-05T00:00:00Z,E0,Newcastle,Brighton,2,1,2021-22,epl_2021_22.csv
2022-03-05T00:00:00Z,E0,Norwich,Brentford,1,3,2021-22,epl_2021_22.csv
2022-03-05T00:00:00Z,E0,Wolves,Crystal Palace,0,2,2021-22,epl_2021_22.csv
2022-03-06T00:00:00Z,E0,Man City,Man United,4,1,2021-22,epl_2021_22.csv
2022-03-06T00:00:00Z,E0,Watford,Arsenal,2,3,2021-22,epl_2021_22.csv
2022-03-07T00:00:00Z,E0,Tottenham,Everton,5,0,2021-22,epl_2021_22.csv
2022-03-10T00:00:00Z,E0,Leeds,Aston Villa,0,3,2021-22,epl_2021_22.csv
2022-03-10T00:00:00Z,E0,Norwich,Chelsea,1,3,2021-22,epl_2021_22.csv
2022-03-10T00:00:00Z,E0,Southampton,Newcastle,1,2,2021-22,epl_2021_22.csv
2022-03-10T00:00:00Z,E0,Wolves,Watford,4,0,2021-22,epl_2021_22.csv
2022-03-12T00:00:00Z,E0,Brentford,Burnley,2,0,2021-22,epl_2021_22.csv
2022-03-12T00:00:00Z,E0,Brighton,Liverpool,0,2,2021-22,epl_2021_22.csv
2022-03-12T00:00:00Z,E0,Man United,Tottenham,3,2,2021-22,epl_2021_22.csv
2022-03-13T00:00:00Z,E0,Arsenal,Leicester,2,0,2021-22,epl_2021_22.csv
2022-03-13T00:00:00Z,E0,Chelsea,Newcastle,1,0,2021-22,epl_2021_22.csv
2022-03-13T00:00:00Z,E0,Everton,Wolves,0,1,2021-22,epl_2021_22.csv
2022-03-13T00:00:00Z,E0,Leeds,Norwich,2,1,2021-22,epl_2021_22.csv
2022-03-13T00:00:00Z,E0,Southampton,Watford,1,2,2021-22,epl_2021_22.csv
2022-03-13T00:00:00Z,E0,West Ham,Aston Villa,2,1,2021-22,epl_2021_22.csv
2022-03-14T00:00:00Z,E0,Crystal Palace,Man City,0,0,2021-22,epl_2021_22.csv
2022-03-16T00:00:00Z,E0,Arsenal,Liverpool,0,2,2021-22,epl_2021_22.csv
2022-03-16T00:00:00Z,E0,Brighton,Tottenham,0,2,2021-22,epl_2021_22.csv
2022-03-17T00:00:00Z,E0,Everton,Newcastle,1,0,2021-22,epl_2021_22.csv
2022-03-18T00:00:00Z,E0,Wolves,Leeds,2,3,2021-22,epl_2021_22.csv
2022-03-19T00:00:00Z,E0,Aston Villa,Arsenal,0,1,2021-22,epl_2021_22.csv
2022-03-20T00:00:00Z,E0,Leicester,Brentford,2,1,2021-22,epl_2021_22.csv
2022-03-20T00:00:00Z,E0,Tottenham,West Ham,3,1,2021-22,epl_2021_22.csv
2022-04-02T00:00:00Z,E0,Brighton,Norwich,0,0,2021-22,epl_2021_22.csv
2022-04-02T00:00:00Z,E0,Burnley,Man City,0,2,2021-22,epl_2021_22.csv
2022-04-02T00:00:00Z,E0,Chelsea,Brentford,1,4,2021-22,epl_2021_22.csv
2022-04-02T00:00:00Z,E0,Leeds,Southampton,1,1,2021-22,epl_2021_22.csv
2022-04-02T00:00:00Z,E0,Liverpool,Watford,2,0,2021-22,epl_2021_22.csv
2022-04-02T00:00:00Z,E0,Man United,Leicester,1,1,2021-22,epl_2021_22.csv
2022-04-02T00:00:00Z,E0,Wolves,Aston Villa,2,1,2021-22,epl_2021_22.csv
2022-04-03T00:00:00Z,E0,Tottenham,Newcastle,5,1,2021-22,epl_2021_22.csv
2022-04-03T00:00:00Z,E0,West Ham,Everton,2,1,2021-22,epl_2021_22.csv
2022-04-04T00:00:00Z,E0,Crystal Palace,Arsenal,3,0,2021-22,epl_2021_22.csv
2022-04-06T00:00:00Z,E0,Burnley,Everton,3,2,2021-22,epl_2021_22.csv
2022-04-08T00:00:00Z,E0,Newcastle,Wolves,1,0,2021-22,epl_2021_22.csv
2022-04-09T00:00:00Z,E0,Arsenal,Brighton,1,2,2021-22,epl_2021_22.csv
2022-04-09T00:00:00Z,E0,Aston Villa,Tottenham,0,4,2021-22,epl_2021_22.csv
2022-04-09T00:00:00Z,E0,Everton,Man United,1,0,2021-22,epl_2021_22.csv
2022-04-09T00:00:00Z,E0,Southampton,Chelsea,0,6,2021-22,epl_2021_22.csv
2022-04-09T00:00:00Z,E0,Watford,Leeds,0,3,2021-22,epl_2021_22.csv
2022-04-10T00:00:00Z,E0,Brentford,West Ham,2,0,2021-22,epl_2021_22.csv
2022-04-10T00:00:00Z,E0,Leicester,Crystal Palace,2,1,2021-22,epl_2021_22.csv
2022-04-10T00:00:00Z,E0,Man City,Liverpool,2,2,2021-22,epl_2021_22.csv
2022-04-10T00:00:00Z,E0,Norwich,Burnley,2,0,2021-22,epl_2021_22.csv
2022-04-16T00:00:00Z,E0,Man United,Norwich,3,2,2021-22,epl_2021_22.csv
2022-04-16T00:00:00Z,E0,Southampton,Arsenal,1,0,2021-22,epl_2021_22.csv
2022-04-16T00:00:00Z,E0,Tottenham,Brighton,0,1,2021-22,epl_2021_22.csv
2022-04-16T00:00:00Z,E0,Watford,Brentford,1,2,2021-22,epl_2021_22.csv
2022-04-17T00:00:00Z,E0,Newcastle,Leicester,2,1,2021-22,epl_2021_22.csv
2022-04-17T00:00:00Z,E0,West Ham,Burnley,1,1,2021-22,epl_2021_22.csv
2022-04-19T00:00:00Z,E0,Liverpool,Man United,4,0,2021-22,epl_2021_22.csv
2022-04-20T00:00:00Z,E0,Chelsea,Arsenal,2,4,2021-22,epl_2021_22.csv
2022-04-20T00:00:00Z,E0,Everton,Leicester,1,1,2021-22,epl_2021_22.csv
2022-04-20T00:00:00Z,E0,Man City,Brighton,3,0,2021-22,epl_2021_22.csv
2022-04-20T00:00:00Z,E0,Newcastle,Crystal Palace,1,0,2021-22,epl_2021_22.csv
2022-04-21T00:00:00Z,E0,Burnley,Southampton,2,0,2021-22,epl_2021_22.csv
2022-04-23T00:00:00Z,E0,Arsenal,Man United,3,1,2021-22,epl_2021_22.csv
2022-04-23T00:00:00Z,E0,Brentford,Tottenham,0,0,2021-22,epl_2021_22.csv
2022-04-23T00:00:00Z,E0,Leicester,Aston Villa,0,0,2021-22,epl_2021_22.csv
2022-04-23T00:00:00Z,E0,Man City,Watford,5,1,2021-22,epl_2021_22.csv
2022-04-23T00:00:00Z,E0,Norwich,Newcastle,0,3,2021-22,epl_2021_22.csv
2022-04-24T00:00:00Z,E0,Brighton,Southampton,2,2,2021-22,epl_2021_22.csv
2022-04-24T00:00:00Z,E0,Burnley,Wolves,1,0,2021-22,epl_2021_22.csv
2022-04-24T00:00:00Z,E0,Chelsea,West Ham,1,0,2021-22,epl_2021_22.csv
2022-04-24T00:00:00Z,E0,Liverpool,Everton,2,0,2021-22,epl_2021_22.csv
2022-04-25T00:00:00Z,E0,Crystal Palace,Leeds,0,0,2021-22,epl_2021_22.csv
2022-04-28T00:00:00Z,E0,Man United,Chelsea,1,1,2021-22,epl_2021_22.csv
2022-04-30T00:00:00Z,E0,Aston Villa,Norwich,2,0,2021-22,epl_2021_22.csv
2022-04-30T00:00:00Z,E0,Leeds,Man City,0,4,2021-22,epl_2021_22.csv
2022-04-30T00:00:00Z,E0,Newcastle,Liverpool,0,1,2021-22,epl_2021_22.csv
2022-04-30T00:00:00Z,E0,Southampton,Crystal Palace,1,2,2021-22,epl_2021_22.csv
2022-04-30T00:00:00Z,E0,Watford,Burnley,1,2,2021-22,epl_2021_22.csv
2022-04-30T00:00:00Z,E0,Wolves,Brighton,0,3,2021-22,epl_2021_22.csv
2022-05-01T00:00:00Z,E0,Everton,Chelsea,1,0,2021-22,epl_2021_22.csv
2022-05-01T00:00:00Z,E0,Tottenham,Leicester,3,1,2021-22,epl_2021_22.csv
2022-05-01T00:00:00Z,E0,West Ham,Arsenal,1,2,2021-22,epl_2021_22.csv
2022-05-02T00:00:00Z,E0,Man United,Brentford,3,0,2021-22,epl_2021_22.csv
2022-05-07T00:00:00Z,E0,Brentford,Southampton,3,0,2021-22,epl_2021_22.csv
2022-05-07T00:00:00Z,E0,Brighton,Man United,4,0,2021-22,epl_2021_22.csv
2022-05-07T00:00:00Z,E0,Burnley,Aston Villa,1,3,2021-22,epl_2021_22.csv
2022-05-07T00:00:00Z,E0,Chelsea,Wolves,2,2,2021-22,epl_2021_22.csv
2022-05-07T00:00:00Z,E0,Crystal Palace,Watford,1,0,2021-22,epl_2021_22.csv
2022-05-07T00:00:00Z,E0,Liverpool,Tottenham,1,1,2021-22,epl_2021_22.csv
2022-05-08T00:00:00Z,E0,Arsenal,Leeds,2,1,2021-22,epl_2021_22.csv
2022-05-08T00:00:00Z,E0,Leicester,Everton,1,2,2021-22,epl_2021_22.csv
2022-05-08T00:00:00Z,E0,Man City,Newcastle,5,0,2021-22,epl_2021_22.csv
2022-05-08T00:00:00Z,E0,Norwich,West Ham,0,4,2021-22,epl_2021_22.csv
2022-05-10T00:00:00Z,E0,Aston Villa,Liverpool,1,2,2021-22,epl_2021_22.csv
2022-05-11T00:00:00Z,E0,Leeds,Chelsea,0,3,2021-22,epl_2021_22.csv
2022-05-11T00:00:00Z,E0,Leicester,Norwich,3,0,2021-22,epl_2021_22.csv
2022-05-11T00:00:00Z,E0,Watford,Everton,0,0,2021-22,epl_2021_22.csv
2022-05-11T00:00:00Z,E0,Wolves,Man City,1,5,2021-22,epl_2021_22.csv
2022-05-12T00:00:00Z,E0,Tottenham,Arsenal,3,0,2021-22,epl_2021_22.csv
2022-05-15T00:00:00Z,E0,Aston Villa,Crystal Palace,1,1,2021-22,epl_2021_22.csv
2022-05-15T00:00:00Z,E0,Everton,Brentford,2,3,2021-22,epl_2021_22.csv
2022-05-15T00:00:00Z,E0,Leeds,Brighton,1,1,2021-22,epl_2021_22.csv
2022-05-15T00:00:00Z,E0,Tottenham,Burnley,1,0,2021-22,epl_2021_22.csv
2022-05-15T00:00:00Z,E0,Watford,Leicester,1,5,2021-22,epl_2021_22.csv
2022-05-15T00:00:00Z,E0,West Ham,Man City,2,2,2021-22,epl_2021_22.csv
2022-05-15T00:00:00Z,E0,Wolves,Norwich,1,1,2021-22,epl_2021_22.csv
2022-05-16T00:00:00Z,E0,Newcastle,Arsenal,2,0,2021-22,epl_2021_22.csv
2022-05-17T00:00:00Z,E0,Southampton,Liverpool,1,2,2021-22,epl_2021_22.csv
2022-05-19T00:00:00Z,E0,Aston Villa,Burnley,1,1,2021-22,epl_2021_22.csv
2022-05-19T00:00:00Z,E0,Chelsea,Leicester,1,1,2021-22,epl_2021_22.csv
2022-05-19T00:00:00Z,E0,Everton,Crystal Palace,3,2,2021-22,epl_2021_22.csv
2022-05-22T00:00:00Z,E0,Arsenal,Everton,5,1,2021-22,epl_2021_22.csv
2022-05-22T00:00:00Z,E0,Brentford,Leeds,1,2,2021-22,epl_2021_22.csv
2022-05-22T00:00:00Z,E0,Brighton,West Ham,3,1,2021-22,epl_2021_22.csv
2022-05-22T00:00:00Z,E0,Burnley,Newcastle,1,2,2021-22,epl_2021_22.csv
2022-05-22T00:00:00Z,E0,Chelsea,Watford,2,1,2021-22,epl_2021_22.csv
2022-05-22T00:00:00Z,E0,Crystal Palace,Man United,1,0,2021-22,epl_2021_22.csv
2022-05-22T00:00:00Z,E0,Leicester,Southampton,4,1,2021-22,epl_2021_22.csv
2022-05-22T00:00:00Z,E0,Liverpool,Wolves,3,1,2021-22,epl_2021_22.csv
2022-05-22T00:00:00Z,E0,Man City,Aston Villa,3,2,2021-22,epl_2021_22.csv
2022-05-22T00:00:00Z,E0,Norwich,Tottenham,0,5,2021-22,epl_2021_22.csv
2022-08-05T00:00:00Z,E0,Crystal Palace,Arsenal,0,2,2022-23,epl_2022_23.csv
2022-08-06T00:00:00Z,E0,Bournemouth,Aston Villa,2,0,2022-23,epl_2022_23.csv
2022-08-06T00:00:00Z,E0,Everton,Chelsea,0,1,2022-23,epl_2022_23.csv
2022-08-06T00:00:00Z,E0,Fulham,Liverpool,2,2,2022-23,epl_2022_23.csv
2022-08-06T00:00:00Z,E0,Leeds,Wolves,2,1,2022-23,epl_2022_23.csv
2022-08-06T00:00:00Z,E0,Newcastle,Nott'm Forest,2,0,2022-23,epl_2022_23.csv
2022-08-06T00:00:00Z,E0,Tottenham,Southampton,4,1,2022-23,epl_2022_23.csv
2022-08-07T00:00:00Z,E0,Leicester,Brentford,2,2,2022-23,epl_2022_23.csv
2022-08-07T00:00:00Z,E0,Man United,Brighton,1,2,2022-23,epl_2022_23.csv
2022-08-07T00:00:00Z,E0,West Ham,Man City,0,2,2022-23,epl_2022_23.csv
2022-08-13T00:00:00Z,E0,Arsenal,Leicester,4,2,2022-23,epl_2022_23.csv
2022-08-13T00:00:00Z,E0,Aston Villa,Everton,2,1,2022-23,epl_2022_23.csv
2022-08-13T00:00:00Z,E0,Brentford,Man United,4,0,2022-23,epl_2022_23.csv
2022-08-13T00:00:00Z,E0,Brighton,Newcastle,0,0,2022-23,epl_2022_23.csv
2022-08-13T00:00:00Z,E0,Man City,Bournemouth,4,0,2022-23,epl_2022_23.csv
2022-08-13T00:00:00Z,E0,Southampton,Leeds,2,2,2022-23,epl_2022_23.csv
2022-08-13T00:00:00Z,E0,Wolves,Fulham,0,0,2022-23,epl_2022_23.csv
2022-08-14T00:00:00Z,E0,Chelsea,Tottenham,2,2,2022-23,epl_2022_23.csv
2022-08-14T00:00:00Z,E0,Nott'm Forest,West Ham,1,0,2022-23,epl_2022_23.csv
2022-08-15T00:00:00Z,E0,Liverpool,Crystal Palace,1,1,2022-23,epl_2022_23.csv
2022-08-20T00:00:00Z,E0,Bournemouth,Arsenal,0,3,2022-23,epl_2022_23.csv
2022-08-20T00:00:00Z,E0,Crystal Palace,Aston Villa,3,1,2022-23,epl_2022_23.csv
2022-08-20T00:00:00Z,E0,Everton,Nott'm Forest,1,1,2022-23,epl_2022_23.csv
2022-08-20T00:00:00Z,E0,Fulham,Brentford,3,2,2022-23,epl_2022_23.csv
2022-08-20T00:00:00Z,E0,Leicester,Southampton,1,2,2022-23,epl_2022_23.csv
2022-08-20T00:00:00Z,E0,Tottenham,Wolves,1,0,2022-23,epl_2022_23.csv
2022-08-21T00:00:00Z,E0,Leeds,Chelsea,3,0,2022-23,epl_2022_23.csv
2022-08-21T00:00:00Z,E0,Newcastle,Man City,3,3,2022-23,epl_2022_23.csv
2022-08-21T00:00:00Z,E0,West Ham,Brighton,0,2,2022-23,epl_2022_23.csv
2022-08-22T00:00:00Z,E0,Man United,Liverpool,2,1,2022-23,epl_2022_23.csv
2022-08-27T00:00:00Z,E0,Arsenal,Fulham,2,1,2022-23,epl_2022_23.csv
2022-08-27T00:00:00Z,E0,Brentford,Everton,1,1,2022-23,epl_2022_23.csv
2022-08-27T00:00:00Z,E0,Brighton,Leeds,1,0,2022-23,epl_2022_23.csv
2022-08-27T00:00:00Z,E0,Chelsea,Leicester,2,1,2022-23,epl_2022_23.csv
2022-08-27T00:00:00Z,E0,Liverpool,Bournemouth,9,0,2022-23,epl_2022_23.csv
2022-08-27T00:00:00Z,E0,Man City,Crystal Palace,4,2,2022-23,epl_2022_23.csv
2022-08-27T00:00:00Z,E0,Southampton,Man United,0,1,2022-23,epl_2022_23.csv
2022-08-28T00:00:00Z,E0,Aston Villa,West Ham,0,1,2022-23,epl_2022_23.csv
2022-08-28T00:00:00Z,E0,Nott'm Forest,Tottenham,0,2,2022-23,epl_2022_23.csv
2022-08-28T00:00:00Z,E0,Wolves,Newcastle,1,1,2022-23,epl_2022_23.csv
2022-08-30T00:00:00Z,E0,Crystal Palace,Brentford,1,1,2022-23,epl_2022_23.csv
2022-08-30T00:00:00Z,E0,Fulham,Brighton,2,1,2022-23,epl_2022_23.csv
2022-08-30T00:00:00Z,E0,Leeds,Everton,1,1,2022-23,epl_2022_23.csv
2022-08-30T00:00:00Z,E0,Southampton,Chelsea,2,1,2022-23,epl_2022_23.csv
2022-08-31T00:00:00Z,E0,Arsenal,Aston Villa,2,1,2022-23,epl_2022_23.csv
2022-08-31T00:00:00Z,E0,Bournemouth,Wolves,0,0,2022-23,epl_2022_23.csv
2022-08-31T00:00:00Z,E0,Liverpool,Newcastle,2,1,2022-23,epl_2022_23.csv
2022-08-31T00:00:00Z,E0,Man City,Nott'm Forest,6,0,2022-23,epl_2022_23.csv
2022-08-31T00:00:00Z,E0,West Ham,Tottenham,1,1,2022-23,epl_2022_23.csv
2022-09-01T00:00:00Z,E0,Leicester,Man United,0,1,2022-23,epl_2022_23.csv
2022-09-03T00:00:00Z,E0,Aston Villa,Man City,1,1,2022-23,epl_2022_23.csv
2022-09-03T00:00:00Z,E0,Brentford,Leeds,5,2,2022-23,epl_2022_23.csv
2022-09-03T00:00:00Z,E0,Chelsea,West Ham,2,1,2022-23,epl_2022_23.csv
2022-09-03T00:00:00Z,E0,Everton,Liverpool,0,0,2022-23,epl_2022_23.csv
2022-09-03T00:00:00Z,E0,Newcastle,Crystal Palace,0,0,2022-23,epl_2022_23.csv
2022-09-03T00:00:00Z,E0,Nott'm Forest,Bournemouth,2,3,2022-23,epl_2022_23.csv
2022-09-03T00:00:00Z,E0,Tottenham,Fulham,2,1,2022-23,epl_2022_23.csv
2022-09-03T00:00:00Z,E0,Wolves,Southampton,1,0,2022-23,epl_2022_23.csv
2022-09-04T00:00:00Z,E0,Brighton,Leicester,5,2,2022-23,epl_2022_23.csv
2022-09-04T00:00:00Z,E0,Man United,Arsenal,3,1,2022-23,epl_2022_23.csv
2022-09-16T00:00:00Z,E0,Aston Villa,Southampton,1,0,2022-23,epl_2022_23.csv
2022-09-16T00:00:00Z,E0,Nott'm Forest,Fulham,2,3,2022-23,epl_2022_23.csv
2022-09-17T00:00:00Z,E0,Newcastle,Bournemouth,1,1,2022-23,epl_2022_23.csv
2022-09-17T00:00:00Z,E0,Tottenham,Leicester,6,2,2022-23,epl_2022_23.csv
2022-09-17T00:00:00Z,E0,Wolves,Man City,0,3,2022-23,epl_2022_23.csv
2022-09-18T00:00:00Z,E0,Brentford,Arsenal,0,3,2022-23,epl_2022_23.csv
2022-09-18T00:00:00Z,E0,Everton,West Ham,1,0,2022-23,epl_2022_23.csv
2022-10-01T00:00:00Z,E0,Arsenal,Tottenham,3,1,2022-23,epl_2022_23.csv
2022-10-01T00:00:00Z,E0,Bournemouth,Brentford,0,0,2022-23,epl_2022_23.csv
2022-10-01T00:00:00Z,E0,Crystal Palace,Chelsea,1,2,2022-23,epl_2022_23.csv
2022-10-01T00:00:00Z,E0,Fulham,Newcastle,1,4,2022-23,epl_2022_23.csv
2022-10-01T00:00:00Z,E0,Liverpool,Brighton,3,3,2022-23,epl_2022_23.csv
2022-10-01T00:00:00Z,E0,Southampton,Everton,1,2,2022-23,epl_2022_23.csv
2022-10-01T00:00:00Z,E0,West Ham,Wolves,2,0,2022-23,epl_2022_23.csv
2022-10-02T00:00:00Z,E0,Leeds,Aston Villa,0,0,2022-23,epl_2022_23.csv
2022-10-02T00:00:00Z,E0,Man City,Man United,6,3,2022-23,epl_2022_23.csv
2022-10-03T00:00:00Z,E0,Leicester,Nott'm Forest,4,0,2022-23,epl_2022_23.csv
2022-10-08T00:00:00Z,E0,Bournemouth,Leicester,2,1,2022-23,epl_2022_23.csv
2022-10-08T00:00:00Z,E0,Brighton,Tottenham,0,1,2022-23,epl_2022_23.csv
2022-10-08T00:00:00Z,E0,Chelsea,Wolves,3,0,2022-23,epl_2022_23.csv
2022-10-08T00:00:00Z,E0,Man City,Southampton,4,0,2022-23,epl_2022_23.csv
2022-10-08T00:00:00Z,E0,Newcastle,Brentford,5,1,2022-23,epl_2022_23.csv
2022-10-09T00:00:00Z,E0,Arsenal,Liverpool,3,2,2022-23,epl_2022_23.csv
2022-10-09T00:00:00Z,E0,Crystal Palace,Leeds,2,1,2022-23,epl_2022_23.csv
2022-10-09T00:00:00Z,E0,Everton,Man United,1,2,2022-23,epl_2022_23.csv
2022-10-09T00:00:00Z,E0,West Ham,Fulham,3,1,2022-23,epl_2022_23.csv
2022-10-10T00:00:00Z,E0,Nott'm Forest,Aston Villa,1,1,2022-23,epl_2022_23.csv
2022-10-14T00:00:00Z,E0,Brentford,Brighton,2,0,2022-23,epl_2022_23.csv
2022-10-15T00:00:00Z,E0,Fulham,Bournemouth,2,2,2022-23,epl_2022_23.csv
2022-10-15T00:00:00Z,E0,Leicester,Crystal Palace,0,0,2022-23,epl_2022_23.csv
2022-10-15T00:00:00Z,E0,Tottenham,Everton,2,0,2022-23,epl_2022_23.csv
2022-10-15T00:00:00Z,E0,Wolves,Nott'm Forest,1,0,2022-23,epl_2022_23.csv
2022-10-16T00:00:00Z,E0,Aston Villa,Chelsea,0,2,2022-23,epl_2022_23.csv
2022-10-16T00:00:00Z,E0,Leeds,Arsenal,0,1,2022-23,epl_2022_23.csv
2022-10-16T00:00:00Z,E0,Liverpool,Man City,1,0,2022-23,epl_2022_23.csv
2022-10-16T00:00:00Z,E0,Man United,Newcastle,0,0,2022-23,epl_2022_23.csv
2022-10-16T00:00:00Z,E0,Southampton,West Ham,1,1,2022-23,epl_2022_23.csv
2022-10-18T00:00:00Z,E0,Brighton,Nott'm Forest,0,0,2022-23,epl_2022_23.csv
2022-10-18T00:00:00Z,E0,Crystal Palace,Wolves,2,1,2022-23,epl_2022_23.csv
2022-10-19T00:00:00Z,E0,Bournemouth,Southampton,0,1,2022-23,epl_2022_23.csv
2022-10-19T00:00:00Z,E0,Brentford,Chelsea,0,0,2022-23,epl_2022_23.csv
2022-10-19T00:00:00Z,E0,Liverpool,West Ham,1,0,2022-23,epl_2022_23.csv
2022-10-19T00:00:00Z,E0,Man United,Tottenham,2,0,2022-23,epl_2022_23.csv
2022-10-19T00:00:00Z,E0,Newcastle,Everton,1,0,2022-23,epl_2022_23.csv
2022-10-20T00:00:00Z,E0,Fulham,Aston Villa,3,0,2022-23,epl_2022_23.csv
2022-10-20T00:00:00Z,E0,Leicester,Leeds,2,0,2022-23,epl_2022_23.csv
2022-10-22T00:00:00Z,E0,Chelsea,Man United,1,1,2022-23,epl_2022_23.csv
2022-10-22T00:00:00Z,E0,Everton,Crystal Palace,3,0,2022-23,epl_2022_23.csv
2022-10-22T00:00:00Z,E0,Man City,Brighton,3,1,2022-23,epl_2022_23.csv
2022-10-22T00:00:00Z,E0,Nott'm Forest,Liverpool,1,0,2022-23,epl_2022_23.csv
2022-10-23T00:00:00Z,E0,Aston Villa,Brentford,4,0,2022-23,epl_2022_23.csv
2022-10-23T00:00:00Z,E0,Leeds,Fulham,2,3,2022-23,epl_2022_23.csv
2022-10-23T00:00:00Z,E0,Southampton,Arsenal,1,1,2022-23,epl_2022_23.csv
2022-10-23T00:00:00Z,E0,Tottenham,Newcastle,1,2,2022-23,epl_2022_23.csv
2022-10-23T00:00:00Z,E0,Wolves,Leicester,0,4,2022-23,epl_2022_23.csv
2022-10-24T00:00:00Z,E0,West Ham,Bournemouth,2,0,2022-23,epl_2022_23.csv
2022-10-29T00:00:00Z,E0,Bournemouth,Tottenham,2,3,2022-23,epl_2022_23.csv
2022-10-29T00:00:00Z,E0,Brentford,Wolves,1,1,2022-23,epl_2022_23.csv
2022-10-29T00:00:00Z,E0,Brighton,Chelsea,4,1,2022-23,epl_2022_23.csv
2022-10-29T00:00:00Z,E0,Crystal Palace,Southampton,1,0,2022-23,epl_2022_23.csv
2022-10-29T00:00:00Z,E0,Fulham,Everton,0,0,2022-23,epl_2022_23.csv
2022-10-29T00:00:00Z,E0,Leicester,Man City,0,1,2022-23,epl_2022_23.csv
2022-10-29T00:00:00Z,E0,Liverpool,Leeds,1,2,2022-23,epl_2022_23.csv
2022-10-29T00:00:00Z,E0,Newcastle,Aston Villa,4,0,2022-23,epl_2022_23.csv
2022-10-30T00:00:00Z,E0,Arsenal,Nott'm Forest,5,0,2022-23,epl_2022_23.csv
2022-10-30T00:00:00Z,E0,Man United,West Ham,1,0,2022-23,epl_2022_23.csv
2022-11-05T00:00:00Z,E0,Everton,Leicester,0,2,2022-23,epl_2022_23.csv
2022-11-05T00:00:00Z,E0,Leeds,Bournemouth,4,3,2022-23,epl_2022_23.csv
2022-11-05T00:00:00Z,E0,Man City,Fulham,2,1,2022-23,epl_2022_23.csv
2022-11-05T00:00:00Z,E0,Nott'm Forest,Brentford,2,2,2022-23,epl_2022_23.csv
2022-11-05T00:00:00Z,E0,Wolves,Brighton,2,3,2022-23,epl_2022_23.csv
2022-11-06T00:00:00Z,E0,Aston Villa,Man United,3,1,2022-23,epl_2022_23.csv
2022-11-06T00:00:00Z,E0,Chelsea,Arsenal,0,1,2022-23,epl_2022_23.csv
2022-11-06T00:00:00Z,E0,Southampton,Newcastle,1,4,2022-23,epl_2022_23.csv
2022-11-06T00:00:00Z,E0,Tottenham,Liverpool,1,2,2022-23,epl_2022_23.csv
2022-11-06T00:00:00Z,E0,West Ham,Crystal Palace,1,2,2022-23,epl_2022_23.csv
2022-11-12T00:00:00Z,E0,Bournemouth,Everton,3,0,2022-23,epl_2022_23.csv
2022-11-12T00:00:00Z,E0,Liverpool,Southampton,3,1,2022-23,epl_2022_23.csv
2022-11-12T00:00:00Z,E0,Man City,Brentford,1,2,2022-23,epl_2022_23.csv
2022-11-12T00:00:00Z,E0,Newcastle,Chelsea,1,0,2022-23,epl_2022_23.csv
2022-11-12T00:00:00Z,E0,Nott'm Forest,Crystal Palace,1,0,2022-23,epl_2022_23.csv
2022-11-12T00:00:00Z,E0,Tottenham,Leeds,4,3,2022-23,epl_2022_23.csv
2022-11-12T00:00:00Z,E0,West Ham,Leicester,0,2,2022-23,epl_2022_23.csv
2022-11-12T00:00:00Z,E0,Wolves,Arsenal,0,2,2022-23,epl_2022_23.csv
2022-11-13T00:00:00Z,E0,Brighton,Aston Villa,1,2,2022-23,epl_2022_23.csv
2022-11-13T00:00:00Z,E0,Fulham,Man United,1,2,2022-23,epl_2022_23.csv
2022-12-26T00:00:00Z,E0,Arsenal,West Ham,3,1,2022-23,epl_2022_23.csv
2022-12-26T00:00:00Z,E0,Aston Villa,Liverpool,1,3,2022-23,epl_2022_23.csv
2022-12-26T00:00:00Z,E0,Brentford,Tottenham,2,2,2022-23,epl_2022_23.csv
2022-12-26T00:00:00Z,E0,Crystal Palace,Fulham,0,3,2022-23,epl_2022_23.csv
2022-12-26T00:00:00Z,E0,Everton,Wolves,1,2,2022-23,epl_2022_23.csv
2022-12-26T00:00:00Z,E0,Leicester,Newcastle,0,3,2022-23,epl_2022_23.csv
2022-12-26T00:00:00Z,E0,Southampton,Brighton,1,3,2022-23,epl_2022_23.csv
2022-12-27T00:00:00Z,E0,Chelsea,Bournemouth,2,0,2022-23,epl_2022_23.csv
2022-12-27T00:00:00Z,E0,Man United,Nott'm Forest,3,0,2022-23,epl_2022_23.csv
2022-12-28T00:00:00Z,E0,Leeds,Man City,1,3,2022-23,epl_2022_23.csv
2022-12-30T00:00:00Z,E0,Liverpool,Leicester,2,1,2022-23,epl_2022_23.csv
2022-12-30T00:00:00Z,E0,West Ham,Brentford,0,2,2022-23,epl_2022_23.csv
2022-12-31T00:00:00Z,E0,Bournemouth,Crystal Palace,0,2,2022-23,epl_2022_23.csv
2022-12-31T00:00:00Z,E0,Brighton,Arsenal,2,4,2022-23,epl_2022_23.csv
2022-12-31T00:00:00Z,E0,Fulham,Southampton,2,1,2022-23,epl_2022_23.csv
2022-12-31T00:00:00Z,E0,Man City,Everton,1,1,2022-23,epl_2022_23.csv
2022-12-31T00:00:00Z,E0,Newcastle,Leeds,0,0,2022-23,epl_2022_23.csv
2022-12-31T00:00:00Z,E0,Wolves,Man United,0,1,2022-23,epl_2022_23.csv
2023-01-01T00:00:00Z,E0,Nott'm Forest,Chelsea,1,1,2022-23,epl_2022_23.csv
2023-01-01T00:00:00Z,E0,Tottenham,Aston Villa,0,2,2022-23,epl_2022_23.csv
2023-01-02T00:00:00Z,E0,Brentford,Liverpool,3,1,2022-23,epl_2022_23.csv
2023-01-03T00:00:00Z,E0,Arsenal,Newcastle,0,0,2022-23,epl_2022_23.csv
2023-01-03T00:00:00Z,E0,Everton,Brighton,1,4,2022-23,epl_2022_23.csv
2023-01-03T00:00:00Z,E0,Leicester,Fulham,0,1,2022-23,epl_2022_23.csv
2023-01-03T00:00:00Z,E0,Man United,Bournemouth,3,0,2022-23,epl_2022_23.csv
2023-01-04T00:00:00Z,E0,Aston Villa,Wolves,1,1,2022-23,epl_2022_23.csv
2023-01-04T00:00:00Z,E0,Crystal Palace,Tottenham,0,4,2022-23,epl_2022_23.csv
2023-01-04T00:00:00Z,E0,Leeds,West Ham,2,2,2022-23,epl_2022_23.csv
2023-01-04T00:00:00Z,E0,Southampton,Nott'm Forest,0,1,2022-23,epl_2022_23.csv
2023-01-05T00:00:00Z,E0,Chelsea,Man City,0,1,2022-23,epl_2022_23.csv
2023-01-12T00:00:00Z,E0,Fulham,Chelsea,2,1,2022-23,epl_2022_23.csv
2023-01-13T00:00:00Z,E0,Aston Villa,Leeds,2,1,2022-23,epl_2022_23.csv
2023-01-14T00:00:00Z,E0,Brentford,Bournemouth,2,0,2022-23,epl_2022_23.csv
2023-01-14T00:00:00Z,E0,Brighton,Liverpool,3,0,2022-23,epl_2022_23.csv
2023-01-14T00:00:00Z,E0,Everton,Southampton,1,2,2022-23,epl_2022_23.csv
2023-01-14T00:00:00Z,E0,Man United,Man City,2,1,2022-23,epl_2022_23.csv
2023-01-14T00:00:00Z,E0,Nott'm Forest,Leicester,2,0,2022-23,epl_2022_23.csv
2023-01-14T00:00:00Z,E0,Wolves,West Ham,1,0,2022-23,epl_2022_23.csv
2023-01-15T00:00:00Z,E0,Chelsea,Crystal Palace,1,0,2022-23,epl_2022_23.csv
2023-01-15T00:00:00Z,E0,Newcastle,Fulham,1,0,2022-23,epl_2022_23.csv
2023-01-15T00:00:00Z,E0,Tottenham,Arsenal,0,2,2022-23,epl_2022_23.csv
2023-01-18T00:00:00Z,E0,Crystal Palace,Man United,1,1,2022-23,epl_2022_23.csv
2023-01-19T00:00:00Z,E0,Man City,Tottenham,4,2,2022-23,epl_2022_23.csv
2023-01-21T00:00:00Z,E0,Bournemouth,Nott'm Forest,1,1,2022-23,epl_2022_23.csv
2023-01-21T00:00:00Z,E0,Crystal Palace,Newcastle,0,0,2022-23,epl_2022_23.csv
2023-01-21T00:00:00Z,E0,Leicester,Brighton,2,2,2022-23,epl_2022_23.csv
2023-01-21T00:00:00Z,E0,Liverpool,Chelsea,0,0,2022-23,epl_2022_23.csv
2023-01-21T00:00:00Z,E0,Southampton,Aston Villa,0,1,2022-23,epl_2022_23.csv
2023-01-21T00:00:00Z,E0,West Ham,Everton,2,0,2022-23,epl_2022_23.csv
2023-01-22T00:00:00Z,E0,Arsenal,Man United,3,2,2022-23,epl_2022_23.csv
2023-01-22T00:00:00Z,E0,Leeds,Brentford,0,0,2022-23,epl_2022_23.csv
2023-01-22T00:00:00Z,E0,Man City,Wolves,3,0,2022-23,epl_2022_23.csv
2023-01-23T00:00:00Z,E0,Fulham,Tottenham,0,1,2022-23,epl_2022_23.csv
2023-02-03T00:00:00Z,E0,Chelsea,Fulham,0,0,2022-23,epl_2022_23.csv
2023-02-04T00:00:00Z,E0,Aston Villa,Leicester,2,4,2022-23,epl_2022_23.csv
2023-02-04T00:00:00Z,E0,Brentford,Southampton,3,0,2022-23,epl_2022_23.csv
2023-02-04T00:00:00Z,E0,Brighton,Bournemouth,1,0,2022-23,epl_2022_23.csv
2023-02-04T00:00:00Z,E0,Everton,Arsenal,1,0,2022-23,epl_2022_23.csv
2023-02-04T00:00:00Z,E0,Man United,Crystal Palace,2,1,2022-23,epl_2022_23.csv
2023-02-04T00:00:00Z,E0,Newcastle,West Ham,1,1,2022-23,epl_2022_23.csv
2023-02-04T00:00:00Z,E0,Wolves,Liverpool,3,0,2022-23,epl_2022_23.csv
2023-02-05T00:00:00Z,E0,Nott'm Forest,Leeds,1,0,2022-23,epl_2022_23.csv
2023-02-05T00:00:00Z,E0,Tottenham,Man City,1,0,2022-23,epl_2022_23.csv
2023-02-08T00:00:00Z,E0,Man United,Leeds,2,2,2022-23,epl_2022_23.csv
2023-02-11T00:00:00Z,E0,Arsenal,Brentford,1,1,2022-23,epl_2022_23.csv
2023-02-11T00:00:00Z,E0,Bournemouth,Newcastle,1,1,2022-23,epl_2022_23.csv
2023-02-11T00:00:00Z,E0,Crystal Palace,Brighton,1,1,2022-23,epl_2022_23.csv
2023-02-11T00:00:00Z,E0,Fulham,Nott'm Forest,2,0,2022-23,epl_2022_23.csv
2023-02-11T00:00:00Z,E0,Leicester,Tottenham,4,1,2022-23,epl_2022_23.csv
2023-02-11T00:00:00Z,E0,Southampton,Wolves,1,2,2022-23,epl_2022_23.csv
2023-02-11T00:00:00Z,E0,West Ham,Chelsea,1,1,2022-23,epl_2022_23.csv
2023-02-12T00:00:00Z,E0,Leeds,Man United,0,2,2022-23,epl_2022_23.csv
2023-02-12T00:00:00Z,E0,Man City,Aston Villa,3,1,2022-23,epl_2022_23.csv
2023-02-13T00:00:00Z,E0,Liverpool,Everton,2,0,2022-23,epl_2022_23.csv
2023-02-15T00:00:00Z,E0,Arsenal,Man City,1,3,2022-23,epl_2022_23.csv
2023-02-18T00:00:00Z,E0,Aston Villa,Arsenal,2,4,2022-23,epl_2022_23.csv
2023-02-18T00:00:00Z,E0,Brentford,Crystal Palace,1,1,2022-23,epl_2022_23.csv
2023-02-18T00:00:00Z,E0,Brighton,Fulham,0,1,2022-23,epl_2022_23.csv
2023-02-18T00:00:00Z,E0,Chelsea,Southampton,0,1,2022-23,epl_2022_23.csv
2023-02-18T00:00:00Z,E0,Everton,Leeds,1,0,2022-23,epl_2022_23.csv
2023-02-18T00:00:00Z,E0,Newcastle,Liverpool,0,2,2022-23,epl_2022_23.csv
2023-02-18T00:00:00Z,E0,Nott'm Forest,Man City,1,1,2022-23,epl_2022_23.csv
2023-02-18T00:00:00Z,E0,Wolves,Bournemouth,0,1,2022-23,epl_2022_23.csv
2023-02-19T00:00:00Z,E0,Man United,Leicester,3,0,2022-23,epl_2022_23.csv
2023-02-19T00:00:00Z,E0,Tottenham,West Ham,2,0,2022-23,epl_2022_23.csv
2023-02-24T00:00:00Z,E0,Fulham,Wolves,1,1,2022-23,epl_2022_23.csv
2023-02-25T00:00:00Z,E0,Bournemouth,Man City,1,4,2022-23,epl_2022_23.csv
2023-02-25T00:00:00Z,E0,Crystal Palace,Liverpool,0,0,2022-23,epl_2022_23.csv
2023-02-25T00:00:00Z,E0,Everton,Aston Villa,0,2,2022-23,epl_2022_23.csv
2023-02-25T00:00:00Z,E0,Leeds,Southampton,1,0,2022-23,epl_2022_23.csv
2023-02-25T00:00:00Z,E0,Leicester,Arsenal,0,1,2022-23,epl_2022_23.csv
2023-02-25T00:00:00Z,E0,West Ham,Nott'm Forest,4,0,2022-23,epl_2022_23.csv
2023-02-26T00:00:00Z,E0,Tottenham,Chelsea,2,0,2022-23,epl_2022_23.csv
2023-03-01T00:00:00Z,E0,Arsenal,Everton,4,0,2022-23,epl_2022_23.csv
2023-03-01T00:00:00Z,E0,Liverpool,Wolves,2,0,2022-23,epl_2022_23.csv
2023-03-04T00:00:00Z,E0,Arsenal,Bournemouth,3,2,2022-23,epl_2022_23.csv
2023-03-04T00:00:00Z,E0,Aston Villa,Crystal Palace,1,0,2022-23,epl_2022_23.csv
2023-03-04T00:00:00Z,E0,Brighton,West Ham,4,0,2022-23,epl_2022_23.csv
2023-03-04T00:00:00Z,E0,Chelsea,Leeds,1,0,2022-23,epl_2022_23.csv
2023-03-04T00:00:00Z,E0,Man City,Newcastle,2,0,2022-23,epl_2022_23.csv
2023-03-04T00:00:00Z,E0,Southampton,Leicester,1,0,2022-23,epl_2022_23.csv
2023-03-04T00:00:00Z,E0,Wolves,Tottenham,1,0,2022-23,epl_2022_23.csv
2023-03-05T00:00:00Z,E0,Liverpool,Man United,7,0,2022-23,epl_2022_23.csv
2023-03-05T00:00:00Z,E0,Nott'm Forest,Everton,2,2,2022-23,epl_2022_23.csv
2023-03-06T00:00:00Z,E0,Brentford,Fulham,3,2,2022-23,epl_2022_23.csv
2023-03-11T00:00:00Z,E0,Bournemouth,Liverpool,1,0,2022-23,epl_2022_23.csv
2023-03-11T00:00:00Z,E0,Crystal Palace,Man City,0,1,2022-23,epl_2022_23.csv
2023-03-11T00:00:00Z,E0,Everton,Brentford,1,0,2022-23,epl_2022_23.csv
2023-03-11T00:00:00Z,E0,Leeds,Brighton,2,2,2022-23,epl_2022_23.csv
2023-03-11T00:00:00Z,E0,Leicester,Chelsea,1,3,2022-23,epl_2022_23.csv
2023-03-11T00:00:00Z,E0,Tottenham,Nott'm Forest,3,1,2022-23,epl_2022_23.csv
2023-03-12T00:00:00Z,E0,Fulham,Arsenal,0,3,2022-23,epl_2022_23.csv
2023-03-12T00:00:00Z,E0,Man United,Southampton,0,0,2022-23,epl_2022_23.csv
2023-03-12T00:00:00Z,E0,Newcastle,Wolves,2,1,2022-23,epl_2022_23.csv
2023-03-12T00:00:00Z,E0,West Ham,Aston Villa,1,1,2022-23,epl_2022_23.csv
2023-03-15T00:00:00Z,E0,Brighton,Crystal Palace,1,0,2022-23,epl_2022_23.csv
2023-03-15T00:00:00Z,E0,Southampton,Brentford,0,2,2022-23,epl_2022_23.csv
2023-03-17T00:00:00Z,E0,Nott'm Forest,Newcastle,1,2,2022-23,epl_2022_23.csv
2023-03-18T00:00:00Z,E0,Aston Villa,Bournemouth,3,0,2022-23,epl_2022_23.csv
2023-03-18T00:00:00Z,E0,Brentford,Leicester,1,1,2022-23,epl_2022_23.csv
2023-03-18T00:00:00Z,E0,Chelsea,Everton,2,2,2022-23,epl_2022_23.csv
2023-03-18T00:00:00Z,E0,Southampton,Tottenham,3,3,2022-23,epl_2022_23.csv
2023-03-18T00:00:00Z,E0,Wolves,Leeds,2,4,2022-23,epl_2022_23.csv
2023-03-19T00:00:00Z,E0,Arsenal,Crystal Palace,4,1,2022-23,epl_2022_23.csv
2023-04-01T00:00:00Z,E0,Arsenal,Leeds,4,1,2022-23,epl_2022_23.csv
2023-04-01T00:00:00Z,E0,Bournemouth,Fulham,2,1,2022-23,epl_2022_23.csv
2023-04-01T00:00:00Z,E0,Brighton,Brentford,3,3,2022-23,epl_2022_23.csv
2023-04-01T00:00:00Z,E0,Chelsea,Aston Villa,0,2,2022-23,epl_2022_23.csv
2023-04-01T00:00:00Z,E0,Crystal Palace,Leicester,2,1,2022-23,epl_2022_23.csv
2023-04-01T00:00:00Z,E0,Man City,Liverpool,4,1,2022-23,epl_2022_23.csv
2023-04-01T00:00:00Z,E0,Nott'm Forest,Wolves,1,1,2022-23,epl_2022_23.csv
2023-04-02T00:00:00Z,E0,Newcastle,Man United,2,0,2022-23,epl_2022_23.csv
2023-04-02T00:00:00Z,E0,West Ham,Southampton,1,0,2022-23,epl_2022_23.csv
2023-04-03T00:00:00Z,E0,Everton,Tottenham,1,1,2022-23,epl_2022_23.csv
2023-04-04T00:00:00Z,E0,Bournemouth,Brighton,0,2,2022-23,epl_2022_23.csv
2023-04-04T00:00:00Z,E0,Chelsea,Liverpool,0,0,2022-23,epl_2022_23.csv
2023-04-04T00:00:00Z,E0,Leeds,Nott'm Forest,2,1,2022-23,epl_2022_23.csv
2023-04-04T00:00:00Z,E0,Leicester,Aston Villa,1,2,2022-23,epl_2022_23.csv
2023-04-05T00:00:00Z,E0,Man United,Brentford,1,0,2022-23,epl_2022_23.csv
2023-04-05T00:00:00Z,E0,West Ham,Newcastle,1,5,2022-23,epl_2022_23.csv
2023-04-08T00:00:00Z,E0,Aston Villa,Nott'm Forest,2,0,2022-23,epl_2022_23.csv
2023-04-08T00:00:00Z,E0,Brentford,Newcastle,1,2,2022-23,epl_2022_23.csv
2023-04-08T00:00:00Z,E0,Fulham,West Ham,0,1,2022-23,epl_2022_23.csv
2023-04-08T00:00:00Z,E0,Leicester,Bournemouth,0,1,2022-23,epl_2022_23.csv
2023-04-08T00:00:00Z,E0,Man United,Everton,2,0,2022-23,epl_2022_23.csv
2023-04-08T00:00:00Z,E0,Southampton,Man City,1,4,2022-23,epl_2022_23.csv
2023-04-08T00:00:00Z,E0,Tottenham,Brighton,2,1,2022-23,epl_2022_23.csv
2023-04-08T00:00:00Z,E0,Wolves,Chelsea,1,0,2022-23,epl_2022_23.csv
2023-04-09T00:00:00Z,E0,Leeds,Crystal Palace,1,5,2022-23,epl_2022_23.csv
2023-04-09T00:00:00Z,E0,Liverpool,Arsenal,2,2,2022-23,epl_2022_23.csv
2023-04-15T00:00:00Z,E0,Aston Villa,Newcastle,3,0,2022-23,epl_2022_23.csv
2023-04-15T00:00:00Z,E0,Chelsea,Brighton,1,2,2022-23,epl_2022_23.csv
2023-04-15T00:00:00Z,E0,Everton,Fulham,1,3,2022-23,epl_2022_23.csv
2023-04-15T00:00:00Z,E0,Man City,Leicester,3,1,2022-23,epl_2022_23.csv
2023-04-15T00:00:00Z,E0,Southampton,Crystal Palace,0,2,2022-23,epl_2022_23.csv
2023-04-15T00:00:00Z,E0,Tottenham,Bournemouth,2,3,2022-23,epl_2022_23.csv
2023-04-15T00:00:00Z,E0,Wolves,Brentford,2,0,2022-23,epl_2022_23.csv
2023-04-16T00:00:00Z,E0,Nott'm Forest,Man United,0,2,2022-23,epl_2022_23.csv
2023-04-16T00:00:00Z,E0,West Ham,Arsenal,2,2,2022-23,epl_2022_23.csv
2023-04-17T00:00:00Z,E0,Leeds,Liverpool,1,6,2022-23,epl_2022_23.csv
2023-04-21T00:00:00Z,E0,Arsenal,Southampton,3,3,2022-23,epl_2022_23.csv
2023-04-22T00:00:00Z,E0,Brentford,Aston Villa,1,1,2022-23,epl_2022_23.csv
2023-04-22T00:00:00Z,E0,Crystal Palace,Everton,0,0,2022-23,epl_2022_23.csv
2023-04-22T00:00:00Z,E0,Fulham,Leeds,2,1,2022-23,epl_2022_23.csv
2023-04-22T00:00:00Z,E0,Leicester,Wolves,2,1,2022-23,epl_2022_23.csv
2023-04-22T00:00:00Z,E0,Liverpool,Nott'm Forest,3,2,2022-23,epl_2022_23.csv
2023-04-23T00:00:00Z,E0,Bournemouth,West Ham,0,4,2022-23,epl_2022_23.csv
2023-04-23T00:00:00Z,E0,Newcastle,Tottenham,6,1,2022-23,epl_2022_23.csv
2023-04-25T00:00:00Z,E0,Aston Villa,Fulham,1,0,2022-23,epl_2022_23.csv
2023-04-25T00:00:00Z,E0,Leeds,Leicester,1,1,2022-23,epl_2022_23.csv
2023-04-25T00:00:00Z,E0,Wolves,Crystal Palace,2,0,2022-23,epl_2022_23.csv
2023-04-26T00:00:00Z,E0,Chelsea,Brentford,0,2,2022-23,epl_2022_23.csv
2023-04-26T00:00:00Z,E0,Man City,Arsenal,4,1,2022-23,epl_2022_23.csv
2023-04-26T00:00:00Z,E0,Nott'm Forest,Brighton,3,1,2022-23,epl_2022_23.csv
2023-04-26T00:00:00Z,E0,West Ham,Liverpool,1,2,2022-23,epl_2022_23.csv
2023-04-27T00:00:00Z,E0,Everton,Newcastle,1,4,2022-23,epl_2022_23.csv
2023-04-27T00:00:00Z,E0,Southampton,Bournemouth,0,1,2022-23,epl_2022_23.csv
2023-04-27T00:00:00Z,E0,Tottenham,Man United,2,2,2022-23,epl_2022_23.csv
2023-04-29T00:00:00Z,E0,Brentford,Nott'm Forest,2,1,2022-23,epl_2022_23.csv
2023-04-29T00:00:00Z,E0,Brighton,Wolves,6,0,2022-23,epl_2022_23.csv
2023-04-29T00:00:00Z,E0,Crystal Palace,West Ham,4,3,2022-23,epl_2022_23.csv
2023-04-30T00:00:00Z,E0,Bournemouth,Leeds,4,1,2022-23,epl_2022_23.csv
2023-04-30T00:00:00Z,E0,Fulham,Man City,1,2,2022-23,epl_2022_23.csv
2023-04-30T00:00:00Z,E0,Liverpool,Tottenham,4,3,2022-23,epl_2022_23.csv
2023-04-30T00:00:00Z,E0,Man United,Aston Villa,1,0,2022-23,epl_2022_23.csv
2023-04-30T00:00:00Z,E0,Newcastle,Southampton,3,1,2022-23,epl_2022_23.csv
2023-05-01T00:00:00Z,E0,Leicester,Everton,2,2,2022-23,epl_2022_23.csv
2023-05-02T00:00:00Z,E0,Arsenal,Chelsea,3,1,2022-23,epl_2022_23.csv
2023-05-03T00:00:00Z,E0,Liverpool,Fulham,1,0,2022-23,epl_2022_23.csv
2023-05-03T00:00:00Z,E0,Man City,West Ham,3,0,2022-23,epl_2022_23.csv
2023-05-04T00:00:00Z,E0,Brighton,Man United,1,0,2022-23,epl_2022_23.csv
2023-05-06T00:00:00Z,E0,Bournemouth,Chelsea,1,3,2022-23,epl_2022_23.csv
2023-05-06T00:00:00Z,E0,Liverpool,Brentford,1,0,2022-23,epl_2022_23.csv
2023-05-06T00:00:00Z,E0,Man City,Leeds,2,1,2022-23,epl_2022_23.csv
2023-05-06T00:00:00Z,E0,Tottenham,Crystal Palace,1,0,2022-23,epl_2022_23.csv
2023-05-06T00:00:00Z,E0,Wolves,Aston Villa,1,0,2022-23,epl_2022_23.csv
2023-05-07T00:00:00Z,E0,Newcastle,Arsenal,0,2,2022-23,epl_2022_23.csv
2023-05-07T00:00:00Z,E0,West Ham,Man United,1,0,2022-23,epl_2022_23.csv
2023-05-08T00:00:00Z,E0,Brighton,Everton,1,5,2022-23,epl_2022_23.csv
2023-05-08T00:00:00Z,E0,Fulham,Leicester,5,3,2022-23,epl_2022_23.csv
2023-05-08T00:00:00Z,E0,Nott'm Forest,Southampton,4,3,2022-23,epl_2022_23.csv
2023-05-13T00:00:00Z,E0,Aston Villa,Tottenham,2,1,2022-23,epl_2022_23.csv
2023-05-13T00:00:00Z,E0,Chelsea,Nott'm Forest,2,2,2022-23,epl_2022_23.csv
2023-05-13T00:00:00Z,E0,Crystal Palace,Bournemouth,2,0,2022-23,epl_2022_23.csv
2023-05-13T00:00:00Z,E0,Leeds,Newcastle,2,2,2022-23,epl_2022_23.csv
2023-05-13T00:00:00Z,E0,Man United,Wolves,2,0,2022-23,epl_2022_23.csv
2023-05-13T00:00:00Z,E0,Southampton,Fulham,0,2,2022-23,epl_2022_23.csv
2023-05-14T00:00:00Z,E0,Arsenal,Brighton,0,3,2022-23,epl_2022_23.csv
2023-05-14T00:00:00Z,E0,Brentford,West Ham,2,0,2022-23,epl_2022_23.csv
2023-05-14T00:00:00Z,E0,Everton,Man City,0,3,2022-23,epl_2022_23.csv
2023-05-15T00:00:00Z,E0,Leicester,Liverpool,0,3,2022-23,epl_2022_23.csv
2023-05-18T00:00:00Z,E0,Newcastle,Brighton,4,1,2022-23,epl_2022_23.csv
2023-05-20T00:00:00Z,E0,Bournemouth,Man United,0,1,2022-23,epl_2022_23.csv
2023-05-20T00:00:00Z,E0,Fulham,Crystal Palace,2,2,2022-23,epl_2022_23.csv
2023-05-20T00:00:00Z,E0,Liverpool,Aston Villa,1,1,2022-23,epl_2022_23.csv
2023-05-20T00:00:00Z,E0,Nott'm Forest,Arsenal,1,0,2022-23,epl_2022_23.csv
2023-05-20T00:00:00Z,E0,Tottenham,Brentford,1,3,2022-23,epl_2022_23.csv
2023-05-20T00:00:00Z,E0,Wolves,Everton,1,1,2022-23,epl_2022_23.csv
2023-05-21T00:00:00Z,E0,Brighton,Southampton,3,1,2022-23,epl_2022_23.csv
2023-05-21T00:00:00Z,E0,Man City,Chelsea,1,0,2022-23,epl_2022_23.csv
2023-05-21T00:00:00Z,E0,West Ham,Leeds,3,1,2022-23,epl_2022_23.csv
2023-05-22T00:00:00Z,E0,Newcastle,Leicester,0,0,2022-23,epl_2022_23.csv
2023-05-24T00:00:00Z,E0,Brighton,Man City,1,1,2022-23,epl_2022_23.csv
2023-05-25T00:00:00Z,E0,Man United,Chelsea,4,1,2022-23,epl_2022_23.csv
2023-05-28T00:00:00Z,E0,Arsenal,Wolves,5,0,2022-23,epl_2022_23.csv
2023-05-28T00:00:00Z,E0,Aston Villa,Brighton,2,1,2022-23,epl_2022_23.csv
2023-05-28T00:00:00Z,E0,Brentford,Man City,1,0,2022-23,epl_2022_23.csv
2023-05-28T00:00:00Z,E0,Chelsea,Newcastle,1,1,2022-23,epl_2022_23.csv
2023-05-28T00:00:00Z,E0,Crystal Palace,Nott'm Forest,1,1,2022-23,epl_2022_23.csv
2023-05-28T00:00:00Z,E0,Everton,Bournemouth,1,0,2022-23,epl_2022_23.csv
2023-05-28T00:00:00Z,E0,Leeds,Tottenham,1,4,2022-23,epl_2022_23.csv
2023-05-28T00:00:00Z,E0,Leicester,West Ham,2,1,2022-23,epl_2022_23.csv
2023-05-28T00:00:00Z,E0,Man United,Fulham,2,1,2022-23,epl_2022_23.csv
2023-05-28T00:00:00Z,E0,Southampton,Liverpool,4,4,2022-23,epl_2022_23.csv
2023-08-11T00:00:00Z,E0,Burnley,Man City,0,3,2023-24,epl_2023_24.csv
2023-08-12T00:00:00Z,E0,Arsenal,Nott'm Forest,2,1,2023-24,epl_2023_24.csv
2023-08-12T00:00:00Z,E0,Bournemouth,West Ham,1,1,2023-24,epl_2023_24.csv
2023-08-12T00:00:00Z,E0,Brighton,Luton,4,1,2023-24,epl_2023_24.csv
2023-08-12T00:00:00Z,E0,Everton,Fulham,0,1,2023-24,epl_2023_24.csv
2023-08-12T00:00:00Z,E0,Newcastle,Aston Villa,5,1,2023-24,epl_2023_24.csv
2023-08-12T00:00:00Z,E0,Sheffield United,Crystal Palace,0,1,2023-24,epl_2023_24.csv
2023-08-13T00:00:00Z,E0,Brentford,Tottenham,2,2,2023-24,epl_2023_24.csv
2023-08-13T00:00:00Z,E0,Chelsea,Liverpool,1,1,2023-24,epl_2023_24.csv
2023-08-14T00:00:00Z,E0,Man United,Wolves,1,0,2023-24,epl_2023_24.csv
2023-08-18T00:00:00Z,E0,Nott'm Forest,Sheffield United,2,1,2023-24,epl_2023_24.csv
2023-08-19T00:00:00Z,E0,Fulham,Brentford,0,3,2023-24,epl_2023_24.csv
2023-08-19T00:00:00Z,E0,Liverpool,Bournemouth,3,1,2023-24,epl_2023_24.csv
2023-08-19T00:00:00Z,E0,Man City,Newcastle,1,0,2023-24,epl_2023_24.csv
2023-08-19T00:00:00Z,E0,Tottenham,Man United,2,0,2023-24,epl_2023_24.csv
2023-08-19T00:00:00Z,E0,Wolves,Brighton,1,4,2023-24,epl_2023_24.csv
2023-08-20T00:00:00Z,E0,Aston Villa,Everton,4,0,2023-24,epl_2023_24.csv
2023-08-20T00:00:00Z,E0,West Ham,Chelsea,3,1,2023-24,epl_2023_24.csv
2023-08-21T00:00:00Z,E0,Crystal Palace,Arsenal,0,1,2023-24,epl_2023_24.csv
2023-08-25T00:00:00Z,E0,Chelsea,Luton,3,0,2023-24,epl_2023_24.csv
2023-08-26T00:00:00Z,E0,Arsenal,Fulham,2,2,2023-24,epl_2023_24.csv
2023-08-26T00:00:00Z,E0,Bournemouth,Tottenham,0,2,2023-24,epl_2023_24.csv
2023-08-26T00:00:00Z,E0,Brentford,Crystal Palace,1,1,2023-24,epl_2023_24.csv
2023-08-26T00:00:00Z,E0,Brighton,West Ham,1,3,2023-24,epl_2023_24.csv
2023-08-26T00:00:00Z,E0,Everton,Wolves,0,1,2023-24,epl_2023_24.csv
2023-08-26T00:00:00Z,E0,Man United,Nott'm Forest,3,2,2023-24,epl_2023_24.csv
2023-08-27T00:00:00Z,E0,Burnley,Aston Villa,1,3,2023-24,epl_2023_24.csv
2023-08-27T00:00:00Z,E0,Newcastle,Liverpool,1,2,2023-24,epl_2023_24.csv
2023-08-27T00:00:00Z,E0,Sheffield United,Man City,1,2,2023-24,epl_2023_24.csv
2023-09-01T00:00:00Z,E0,Luton,West Ham,1,2,2023-24,epl_2023_24.csv
2023-09-02T00:00:00Z,E0,Brentford,Bournemouth,2,2,2023-24,epl_2023_24.csv
2023-09-02T00:00:00Z,E0,Brighton,Newcastle,3,1,2023-24,epl_2023_24.csv
2023-09-02T00:00:00Z,E0,Burnley,Tottenham,2,5,2023-24,epl_2023_24.csv
2023-09-02T00:00:00Z,E0,Chelsea,Nott'm Forest,0,1,2023-24,epl_2023_24.csv
2023-09-02T00:00:00Z,E0,Man City,Fulham,5,1,2023-24,epl_2023_24.csv
2023-09-02T00:00:00Z,E0,Sheffield United,Everton,2,2,2023-24,epl_2023_24.csv
2023-09-03T00:00:00Z,E0,Arsenal,Man United,3,1,2023-24,epl_2023_24.csv
2023-09-03T00:00:00Z,E0,Crystal Palace,Wolves,3,2,2023-24,epl_2023_24.csv
2023-09-03T00:00:00Z,E0,Liverpool,Aston Villa,3,0,2023-24,epl_2023_24.csv
2023-09-16T00:00:00Z,E0,Aston Villa,Crystal Palace,3,1,2023-24,epl_2023_24.csv
2023-09-16T00:00:00Z,E0,Fulham,Luton,1,0,2023-24,epl_2023_24.csv
2023-09-16T00:00:00Z,E0,Man United,Brighton,1,3,2023-24,epl_2023_24.csv
2023-09-16T00:00:00Z,E0,Newcastle,Brentford,1,0,2023-24,epl_2023_24.csv
2023-09-16T00:00:00Z,E0,Tottenham,Sheffield United,2,1,2023-24,epl_2023_24.csv
2023-09-16T00:00:00Z,E0,West Ham,Man City,1,3,2023-24,epl_2023_24.csv
2023-09-16T00:00:00Z,E0,Wolves,Liverpool,1,3,2023-24,epl_2023_24.csv
2023-09-17T00:00:00Z,E0,Bournemouth,Chelsea,0,0,2023-24,epl_2023_24.csv
2023-09-17T00:00:00Z,E0,Everton,Arsenal,0,1,2023-24,epl_2023_24.csv
2023-09-18T00:00:00Z,E0,Nott'm Forest,Burnley,1,1,2023-24,epl_2023_24.csv
2023-09-23T00:00:00Z,E0,Brentford,Everton,1,3,2023-24,epl_2023_24.csv
2023-09-23T00:00:00Z,E0,Burnley,Man United,0,1,2023-24,epl_2023_24.csv
2023-09-23T00:00:00Z,E0,Crystal Palace,Fulham,0,0,2023-24,epl_2023_24.csv
2023-09-23T00:00:00Z,E0,Luton,Wolves,1,1,2023-24,epl_2023_24.csv
2023-09-23T00:00:00Z,E0,Man City,Nott'm Forest,2,0,2023-24,epl_2023_24.csv
2023-09-24T00:00:00Z,E0,Arsenal,Tottenham,2,2,2023-24,epl_2023_24.csv
2023-09-24T00:00:00Z,E0,Brighton,Bournemouth,3,1,2023-24,epl_2023_24.csv
2023-09-24T00:00:00Z,E0,Chelsea,Aston Villa,0,1,2023-24,epl_2023_24.csv
2023-09-24T00:00:00Z,E0,Liverpool,West Ham,3,1,2023-24,epl_2023_24.csv
2023-09-24T00:00:00Z,E0,Sheffield United,Newcastle,0,8,2023-24,epl_2023_24.csv
2023-09-30T00:00:00Z,E0,Aston Villa,Brighton,6,1,2023-24,epl_2023_24.csv
2023-09-30T00:00:00Z,E0,Bournemouth,Arsenal,0,4,2023-24,epl_2023_24.csv
2023-09-30T00:00:00Z,E0,Everton,Luton,1,2,2023-24,epl_2023_24.csv
2023-09-30T00:00:00Z,E0,Man United,Crystal Palace,0,1,2023-24,epl_2023_24.csv
2023-09-30T00:00:00Z,E0,Newcastle,Burnley,2,0,2023-24,epl_2023_24.csv
2023-09-30T00:00:00Z,E0,Tottenham,Liverpool,2,1,2023-24,epl_2023_24.csv
2023-09-30T00:00:00Z,E0,West Ham,Sheffield United,2,0,2023-24,epl_2023_24.csv
2023-09-30T00:00:00Z,E0,Wolves,Man City,2,1,2023-24,epl_2023_24.csv
2023-10-01T00:00:00Z,E0,Nott'm Forest,Brentford,1,1,2023-24,epl_2023_24.csv
2023-10-02T00:00:00Z,E0,Fulham,Chelsea,0,2,2023-24,epl_2023_24.csv
2023-10-03T00:00:00Z,E0,Luton,Burnley,1,2,2023-24,epl_2023_24.csv
2023-10-07T00:00:00Z,E0,Burnley,Chelsea,1,4,2023-24,epl_2023_24.csv
2023-10-07T00:00:00Z,E0,Crystal Palace,Nott'm Forest,0,0,2023-24,epl_2023_24.csv
2023-10-07T00:00:00Z,E0,Everton,Bournemouth,3,0,2023-24,epl_2023_24.csv
2023-10-07T00:00:00Z,E0,Fulham,Sheffield United,3,1,2023-24,epl_2023_24.csv
2023-10-07T00:00:00Z,E0,Luton,Tottenham,0,1,2023-24,epl_2023_24.csv
2023-10-07T00:00:00Z,E0,Man United,Brentford,2,1,2023-24,epl_2023_24.csv
2023-10-08T00:00:00Z,E0,Arsenal,Man City,1,0,2023-24,epl_2023_24.csv
2023-10-08T00:00:00Z,E0,Brighton,Liverpool,2,2,2023-24,epl_2023_24.csv
2023-10-08T00:00:00Z,E0,West Ham,Newcastle,2,2,2023-24,epl_2023_24.csv
2023-10-08T00:00:00Z,E0,Wolves,Aston Villa,1,1,2023-24,epl_2023_24.csv
2023-10-21T00:00:00Z,E0,Bournemouth,Wolves,1,2,2023-24,epl_2023_24.csv
2023-10-21T00:00:00Z,E0,Brentford,Burnley,3,0,2023-24,epl_2023_24.csv
2023-10-21T00:00:00Z,E0,Chelsea,Arsenal,2,2,2023-24,epl_2023_24.csv
2023-10-21T00:00:00Z,E0,Liverpool,Everton,2,0,2023-24,epl_2023_24.csv
2023-10-21T00:00:00Z,E0,Man City,Brighton,2,1,2023-24,epl_2023_24.csv
2023-10-21T00:00:00Z,E0,Newcastle,Crystal Palace,4,0,2023-24,epl_2023_24.csv
2023-10-21T00:00:00Z,E0,Nott'm Forest,Luton,2,2,2023-24,epl_2023_24.csv
2023-10-21T00:00:00Z,E0,Sheffield United,Man United,1,2,2023-24,epl_2023_24.csv
2023-10-22T00:00:00Z,E0,Aston Villa,West Ham,4,1,2023-24,epl_2023_24.csv
2023-10-23T00:00:00Z,E0,Tottenham,Fulham,2,0,2023-24,epl_2023_24.csv
2023-10-27T00:00:00Z,E0,Crystal Palace,Tottenham,1,2,2023-24,epl_2023_24.csv
2023-10-28T00:00:00Z,E0,Arsenal,Sheffield United,5,0,2023-24,epl_2023_24.csv
2023-10-28T00:00:00Z,E0,Bournemouth,Burnley,2,1,2023-24,epl_2023_24.csv
2023-10-28T00:00:00Z,E0,Chelsea,Brentford,0,2,2023-24,epl_2023_24.csv
2023-10-28T00:00:00Z,E0,Wolves,Newcastle,2,2,2023-24,epl_2023_24.csv
2023-10-29T00:00:00Z,E0,Aston Villa,Luton,3,1,2023-24,epl_2023_24.csv
2023-10-29T00:00:00Z,E0,Brighton,Fulham,1,1,2023-24,epl_2023_24.csv
2023-10-29T00:00:00Z,E0,Liverpool,Nott'm Forest,3,0,2023-24,epl_2023_24.csv
2023-10-29T00:00:00Z,E0,Man United,Man City,0,3,2023-24,epl_2023_24.csv
2023-10-29T00:00:00Z,E0,West Ham,Everton,0,1,2023-24,epl_2023_24.csv
2023-11-04T00:00:00Z,E0,Brentford,West Ham,3,2,2023-24,epl_2023_24.csv
2023-11-04T00:00:00Z,E0,Burnley,Crystal Palace,0,2,2023-24,epl_2023_24.csv
2023-11-04T00:00:00Z,E0,Everton,Brighton,1,1,2023-24,epl_2023_24.csv
2023-11-04T00:00:00Z,E0,Fulham,Man United,0,1,2023-24,epl_2023_24.csv
2023-11-04T00:00:00Z,E0,Man City,Bournemouth,6,1,2023-24,epl_2023_24.csv
2023-11-04T00:00:00Z,E0,Newcastle,Arsenal,1,0,2023-24,epl_2023_24.csv
2023-11-04T00:00:00Z,E0,Sheffield United,Wolves,2,1,2023-24,epl_2023_24.csv
2023-11-05T00:00:00Z,E0,Luton,Liverpool,1,1,2023-24,epl_2023_24.csv
2023-11-05T00:00:00Z,E0,Nott'm Forest,Aston Villa,2,0,2023-24,epl_2023_24.csv
2023-11-06T00:00:00Z,E0,Tottenham,Chelsea,1,4,2023-24,epl_2023_24.csv
2023-11-11T00:00:00Z,E0,Arsenal,Burnley,3,1,2023-24,epl_2023_24.csv
2023-11-11T00:00:00Z,E0,Bournemouth,Newcastle,2,0,2023-24,epl_2023_24.csv
2023-11-11T00:00:00Z,E0,Crystal Palace,Everton,2,3,2023-24,epl_2023_24.csv
2023-11-11T00:00:00Z,E0,Man United,Luton,1,0,2023-24,epl_2023_24.csv
2023-11-11T00:00:00Z,E0,Wolves,Tottenham,2,1,2023-24,epl_2023_24.csv
2023-11-12T00:00:00Z,E0,Aston Villa,Fulham,3,1,2023-24,epl_2023_24.csv
2023-11-12T00:00:00Z,E0,Brighton,Sheffield United,1,1,2023-24,epl_2023_24.csv
2023-11-12T00:00:00Z,E0,Chelsea,Man City,4,4,2023-24,epl_2023_24.csv
2023-11-12T00:00:00Z,E0,Liverpool,Brentford,3,0,2023-24,epl_2023_24.csv
2023-11-12T00:00:00Z,E0,West Ham,Nott'm Forest,3,2,2023-24,epl_2023_24.csv
2023-11-25T00:00:00Z,E0,Brentford,Arsenal,0,1,2023-24,epl_2023_24.csv
2023-11-25T00:00:00Z,E0,Burnley,West Ham,1,2,2023-24,epl_2023_24.csv
2023-11-25T00:00:00Z,E0,Luton,Crystal Palace,2,1,2023-24,epl_2023_24.csv
2023-11-25T00:00:00Z,E0,Man City,Liverpool,1,1,2023-24,epl_2023_24.csv
2023-11-25T00:00:00Z,E0,Newcastle,Chelsea,4,1,2023-24,epl_2023_24.csv
2023-11-25T00:00:00Z,E0,Nott'm Forest,Brighton,2,3,2023-24,epl_2023_24.csv
2023-11-25T00:00:00Z,E0,Sheffield United,Bournemouth,1,3,2023-24,epl_2023_24.csv
2023-11-26T00:00:00Z,E0,Everton,Man United,0,3,2023-24,epl_2023_24.csv
2023-11-26T00:00:00Z,E0,Tottenham,Aston Villa,1,2,2023-24,epl_2023_24.csv
2023-11-27T00:00:00Z,E0,Fulham,Wolves,3,2,2023-24,epl_2023_24.csv
2023-12-02T00:00:00Z,E0,Arsenal,Wolves,2,1,2023-24,epl_2023_24.csv
2023-12-02T00:00:00Z,E0,Brentford,Luton,3,1,2023-24,epl_2023_24.csv
2023-12-02T00:00:00Z,E0,Burnley,Sheffield United,5,0,2023-24,epl_2023_24.csv
2023-12-02T00:00:00Z,E0,Newcastle,Man United,1,0,2023-24,epl_2023_24.csv
2023-12-02T00:00:00Z,E0,Nott'm Forest,Everton,0,1,2023-24,epl_2023_24.csv
2023-12-03T00:00:00Z,E0,Bournemouth,Aston Villa,2,2,2023-24,epl_2023_24.csv
2023-12-03T00:00:00Z,E0,Chelsea,Brighton,3,2,2023-24,epl_2023_24.csv
2023-12-03T00:00:00Z,E0,Liverpool,Fulham,4,3,2023-24,epl_2023_24.csv
2023-12-03T00:00:00Z,E0,Man City,Tottenham,3,3,2023-24,epl_2023_24.csv
2023-12-03T00:00:00Z,E0,West Ham,Crystal Palace,1,1,2023-24,epl_2023_24.csv
2023-12-05T00:00:00Z,E0,Luton,Arsenal,3,4,2023-24,epl_2023_24.csv
2023-12-05T00:00:00Z,E0,Wolves,Burnley,1,0,2023-24,epl_2023_24.csv
2023-12-06T00:00:00Z,E0,Aston Villa,Man City,1,0,2023-24,epl_2023_24.csv
2023-12-06T00:00:00Z,E0,Brighton,Brentford,2,1,2023-24,epl_2023_24.csv
2023-12-06T00:00:00Z,E0,Crystal Palace,Bournemouth,0,2,2023-24,epl_2023_24.csv
2023-12-06T00:00:00Z,E0,Fulham,Nott'm Forest,5,0,2023-24,epl_2023_24.csv
2023-12-06T00:00:00Z,E0,Man United,Chelsea,2,1,2023-24,epl_2023_24.csv
2023-12-06T00:00:00Z,E0,Sheffield United,Liverpool,0,2,2023-24,epl_2023_24.csv
2023-12-07T00:00:00Z,E0,Everton,Newcastle,3,0,2023-24,epl_2023_24.csv
2023-12-07T00:00:00Z,E0,Tottenham,West Ham,1,2,2023-24,epl_2023_24.csv
2023-12-09T00:00:00Z,E0,Aston Villa,Arsenal,1,0,2023-24,epl_2023_24.csv
2023-12-09T00:00:00Z,E0,Brighton,Burnley,1,1,2023-24,epl_2023_24.csv
2023-12-09T00:00:00Z,E0,Crystal Palace,Liverpool,1,2,2023-24,epl_2023_24.csv
2023-12-09T00:00:00Z,E0,Man United,Bournemouth,0,3,2023-24,epl_2023_24.csv
2023-12-09T00:00:00Z,E0,Sheffield United,Brentford,1,0,2023-24,epl_2023_24.csv
2023-12-09T00:00:00Z,E0,Wolves,Nott'm Forest,1,1,2023-24,epl_2023_24.csv
2023-12-10T00:00:00Z,E0,Everton,Chelsea,2,0,2023-24,epl_2023_24.csv
2023-12-10T00:00:00Z,E0,Fulham,West Ham,5,0,2023-24,epl_2023_24.csv
2023-12-10T00:00:00Z,E0,Luton,Man City,1,2,2023-24,epl_2023_24.csv
2023-12-10T00:00:00Z,E0,Tottenham,Newcastle,4,1,2023-24,epl_2023_24.csv
2023-12-15T00:00:00Z,E0,Nott'm Forest,Tottenham,0,2,2023-24,epl_2023_24.csv
2023-12-16T00:00:00Z,E0,Burnley,Everton,0,2,2023-24,epl_2023_24.csv
2023-12-16T00:00:00Z,E0,Chelsea,Sheffield United,2,0,2023-24,epl_2023_24.csv
2023-12-16T00:00:00Z,E0,Man City,Crystal Palace,2,2,2023-24,epl_2023_24.csv
2023-12-16T00:00:00Z,E0,Newcastle,Fulham,3,0,2023-24,epl_2023_24.csv
2023-12-17T00:00:00Z,E0,Arsenal,Brighton,2,0,2023-24,epl_2023_24.csv
2023-12-17T00:00:00Z,E0,Brentford,Aston Villa,1,2,2023-24,epl_2023_24.csv
2023-12-17T00:00:00Z,E0,Liverpool,Man United,0,0,2023-24,epl_2023_24.csv
2023-12-17T00:00:00Z,E0,West Ham,Wolves,3,0,2023-24,epl_2023_24.csv
2023-12-21T00:00:00Z,E0,Crystal Palace,Brighton,1,1,2023-24,epl_2023_24.csv
2023-12-22T00:00:00Z,E0,Aston Villa,Sheffield United,1,1,2023-24,epl_2023_24.csv
2023-12-23T00:00:00Z,E0,Fulham,Burnley,0,2,2023-24,epl_2023_24.csv
2023-12-23T00:00:00Z,E0,Liverpool,Arsenal,1,1,2023-24,epl_2023_24.csv
2023-12-23T00:00:00Z,E0,Luton,Newcastle,1,0,2023-24,epl_2023_24.csv
2023-12-23T00:00:00Z,E0,Nott'm Forest,Bournemouth,2,3,2023-24,epl_2023_24.csv
2023-12-23T00:00:00Z,E0,Tottenham,Everton,2,1,2023-24,epl_2023_24.csv
2023-12-23T00:00:00Z,E0,West Ham,Man United,2,0,2023-24,epl_2023_24.csv
2023-12-24T00:00:00Z,E0,Wolves,Chelsea,2,1,2023-24,epl_2023_24.csv
2023-12-26T00:00:00Z,E0,Bournemouth,Fulham,3,0,2023-24,epl_2023_24.csv
2023-12-26T00:00:00Z,E0,Burnley,Liverpool,0,2,2023-24,epl_2023_24.csv
2023-12-26T00:00:00Z,E0,Man United,Aston Villa,3,2,2023-24,epl_2023_24.csv
2023-12-26T00:00:00Z,E0,Newcastle,Nott'm Forest,1,3,2023-24,epl_2023_24.csv
2023-12-26T00:00:00Z,E0,Sheffield United,Luton,2,3,2023-24,epl_2023_24.csv
2023-12-27T00:00:00Z,E0,Brentford,Wolves,1,4,2023-24,epl_2023_24.csv
2023-12-27T00:00:00Z,E0,Chelsea,Crystal Palace,2,1,2023-24,epl_2023_24.csv
2023-12-27T00:00:00Z,E0,Everton,Man City,1,3,2023-24,epl_2023_24.csv
2023-12-28T00:00:00Z,E0,Arsenal,West Ham,0,2,2023-24,epl_2023_24.csv
2023-12-28T00:00:00Z,E0,Brighton,Tottenham,4,2,2023-24,epl_2023_24.csv
2023-12-30T00:00:00Z,E0,Aston Villa,Burnley,3,2,2023-24,epl_2023_24.csv
2023-12-30T00:00:00Z,E0,Crystal Palace,Brentford,3,1,2023-24,epl_2023_24.csv
2023-12-30T00:00:00Z,E0,Luton,Chelsea,2,3,2023-24,epl_2023_24.csv
2023-12-30T00:00:00Z,E0,Man City,Sheffield United,2,0,2023-24,epl_2023_24.csv
2023-12-30T00:00:00Z,E0,Nott'm Forest,Man United,2,1,2023-24,epl_2023_24.csv
2023-12-30T00:00:00Z,E0,Wolves,Everton,3,0,2023-24,epl_2023_24.csv
2023-12-31T00:00:00Z,E0,Fulham,Arsenal,2,1,2023-24,epl_2023_24.csv
2023-12-31T00:00:00Z,E0,Tottenham,Bournemouth,3,1,2023-24,epl_2023_24.csv
2024-01-01T00:00:00Z,E0,Liverpool,Newcastle,4,2,2023-24,epl_2023_24.csv
2024-01-02T00:00:00Z,E0,West Ham,Brighton,0,0,2023-24,epl_2023_24.csv
2024-01-12T00:00:00Z,E0,Burnley,Luton,1,1,2023-24,epl_2023_24.csv
2024-01-13T00:00:00Z,E0,Chelsea,Fulham,1,0,2023-24,epl_2023_24.csv
2024-01-13T00:00:00Z,E0,Newcastle,Man City,2,3,2023-24,epl_2023_24.csv
2024-01-14T00:00:00Z,E0,Everton,Aston Villa,0,0,2023-24,epl_2023_24.csv
2024-01-14T00:00:00Z,E0,Man United,Tottenham,2,2,2023-24,epl_2023_24.csv
2024-01-20T00:00:00Z,E0,Arsenal,Crystal Palace,5,0,2023-24,epl_2023_24.csv
2024-01-20T00:00:00Z,E0,Brentford,Nott'm Forest,3,2,2023-24,epl_2023_24.csv
2024-01-21T00:00:00Z,E0,Bournemouth,Liverpool,0,4,2023-24,epl_2023_24.csv
2024-01-21T00:00:00Z,E0,Sheffield United,West Ham,2,2,2023-24,epl_2023_24.csv
2024-01-22T00:00:00Z,E0,Brighton,Wolves,0,0,2023-24,epl_2023_24.csv
2024-01-30T00:00:00Z,E0,Aston Villa,Newcastle,1,3,2023-24,epl_2023_24.csv
2024-01-30T00:00:00Z,E0,Crystal Palace,Sheffield United,3,2,2023-24,epl_2023_24.csv
2024-01-30T00:00:00Z,E0,Fulham,Everton,0,0,2023-24,epl_2023_24.csv
2024-01-30T00:00:00Z,E0,Luton,Brighton,4,0,2023-24,epl_2023_24.csv
2024-01-30T00:00:00Z,E0,Nott'm Forest,Arsenal,1,2,2023-24,epl_2023_24.csv
2024-01-31T00:00:00Z,E0,Liverpool,Chelsea,4,1,2023-24,epl_2023_24.csv
2024-01-31T00:00:00Z,E0,Man City,Burnley,3,1,2023-24,epl_2023_24.csv
2024-01-31T00:00:00Z,E0,Tottenham,Brentford,3,2,2023-24,epl_2023_24.csv
2024-02-01T00:00:00Z,E0,West Ham,Bournemouth,1,1,2023-24,epl_2023_24.csv
2024-02-01T00:00:00Z,E0,Wolves,Man United,3,4,2023-24,epl_2023_24.csv
2024-02-03T00:00:00Z,E0,Brighton,Crystal Palace,4,1,2023-24,epl_2023_24.csv
2024-02-03T00:00:00Z,E0,Burnley,Fulham,2,2,2023-24,epl_2023_24.csv
2024-02-03T00:00:00Z,E0,Everton,Tottenham,2,2,2023-24,epl_2023_24.csv
2024-02-03T00:00:00Z,E0,Newcastle,Luton,4,4,2023-24,epl_2023_24.csv
2024-02-03T00:00:00Z,E0,Sheffield United,Aston Villa,0,5,2023-24,epl_2023_24.csv
2024-02-04T00:00:00Z,E0,Arsenal,Liverpool,3,1,2023-24,epl_2023_24.csv
2024-02-04T00:00:00Z,E0,Bournemouth,Nott'm Forest,1,1,2023-24,epl_2023_24.csv
2024-02-04T00:00:00Z,E0,Chelsea,Wolves,2,4,2023-24,epl_2023_24.csv
2024-02-04T00:00:00Z,E0,Man United,West Ham,3,0,2023-24,epl_2023_24.csv
2024-02-05T00:00:00Z,E0,Brentford,Man City,1,3,2023-24,epl_2023_24.csv
2024-02-10T00:00:00Z,E0,Fulham,Bournemouth,3,1,2023-24,epl_2023_24.csv
2024-02-10T00:00:00Z,E0,Liverpool,Burnley,3,1,2023-24,epl_2023_24.csv
2024-02-10T00:00:00Z,E0,Luton,Sheffield United,1,3,2023-24,epl_2023_24.csv
2024-02-10T00:00:00Z,E0,Man City,Everton,2,0,2023-24,epl_2023_24.csv
2024-02-10T00:00:00Z,E0,Nott'm Forest,Newcastle,2,3,2023-24,epl_2023_24.csv
2024-02-10T00:00:00Z,E0,Tottenham,Brighton,2,1,2023-24,epl_2023_24.csv
2024-02-10T00:00:00Z,E0,Wolves,Brentford,0,2,2023-24,epl_2023_24.csv
2024-02-11T00:00:00Z,E0,Aston Villa,Man United,1,2,2023-24,epl_2023_24.csv
2024-02-11T00:00:00Z,E0,West Ham,Arsenal,0,6,2023-24,epl_2023_24.csv
2024-02-12T00:00:00Z,E0,Crystal Palace,Chelsea,1,3,2023-24,epl_2023_24.csv
2024-02-17T00:00:00Z,E0,Brentford,Liverpool,1,4,2023-24,epl_2023_24.csv
2024-02-17T00:00:00Z,E0,Burnley,Arsenal,0,5,2023-24,epl_2023_24.csv
2024-02-17T00:00:00Z,E0,Fulham,Aston Villa,1,2,2023-24,epl_2023_24.csv
2024-02-17T00:00:00Z,E0,Man City,Chelsea,1,1,2023-24,epl_2023_24.csv
2024-02-17T00:00:00Z,E0,Newcastle,Bournemouth,2,2,2023-24,epl_2023_24.csv
2024-02-17T00:00:00Z,E0,Nott'm Forest,West Ham,2,0,2023-24,epl_2023_24.csv
2024-02-17T00:00:00Z,E0,Tottenham,Wolves,1,2,2023-24,epl_2023_24.csv
2024-02-18T00:00:00Z,E0,Luton,Man United,1,2,2023-24,epl_2023_24.csv
2024-02-18T00:00:00Z,E0,Sheffield United,Brighton,0,5,2023-24,epl_2023_24.csv
2024-02-19T00:00:00Z,E0,Everton,Crystal Palace,1,1,2023-24,epl_2023_24.csv
2024-02-20T00:00:00Z,E0,Man City,Brentford,1,0,2023-24,epl_2023_24.csv
2024-02-21T00:00:00Z,E0,Liverpool,Luton,4,1,2023-24,epl_2023_24.csv
2024-02-24T00:00:00Z,E0,Arsenal,Newcastle,4,1,2023-24,epl_2023_24.csv
2024-02-24T00:00:00Z,E0,Aston Villa,Nott'm Forest,4,2,2023-24,epl_2023_24.csv
2024-02-24T00:00:00Z,E0,Bournemouth,Man City,0,1,2023-24,epl_2023_24.csv
2024-02-24T00:00:00Z,E0,Brighton,Everton,1,1,2023-24,epl_2023_24.csv
2024-02-24T00:00:00Z,E0,Crystal Palace,Burnley,3,0,2023-24,epl_2023_24.csv
2024-02-24T00:00:00Z,E0,Man United,Fulham,1,2,2023-24,epl_2023_24.csv
2024-02-25T00:00:00Z,E0,Wolves,Sheffield United,1,0,2023-24,epl_2023_24.csv
2024-02-26T00:00:00Z,E0,West Ham,Brentford,4,2,2023-24,epl_2023_24.csv
2024-03-02T00:00:00Z,E0,Brentford,Chelsea,2,2,2023-24,epl_2023_24.csv
2024-03-02T00:00:00Z,E0,Everton,West Ham,1,3,2023-24,epl_2023_24.csv
2024-03-02T00:00:00Z,E0,Fulham,Brighton,3,0,2023-24,epl_2023_24.csv
2024-03-02T00:00:00Z,E0,Luton,Aston Villa,2,3,2023-24,epl_2023_24.csv
2024-03-02T00:00:00Z,E0,Newcastle,Wolves,3,0,2023-24,epl_2023_24.csv
2024-03-02T00:00:00Z,E0,Nott'm Forest,Liverpool,0,1,2023-24,epl_2023_24.csv
2024-03-02T00:00:00Z,E0,Tottenham,Crystal Palace,3,1,2023-24,epl_2023_24.csv
2024-03-03T00:00:00Z,E0,Burnley,Bournemouth,0,2,2023-24,epl_2023_24.csv
2024-03-03T00:00:00Z,E0,Man City,Man United,3,1,2023-24,epl_2023_24.csv
2024-03-04T00:00:00Z,E0,Sheffield United,Arsenal,0,6,2023-24,epl_2023_24.csv
2024-03-09T00:00:00Z,E0,Arsenal,Brentford,2,1,2023-24,epl_2023_24.csv
2024-03-09T00:00:00Z,E0,Bournemouth,Sheffield United,2,2,2023-24,epl_2023_24.csv
2024-03-09T00:00:00Z,E0,Crystal Palace,Luton,1,1,2023-24,epl_2023_24.csv
2024-03-09T00:00:00Z,E0,Man United,Everton,2,0,2023-24,epl_2023_24.csv
2024-03-09T00:00:00Z,E0,Wolves,Fulham,2,1,2023-24,epl_2023_24.csv
2024-03-10T00:00:00Z,E0,Aston Villa,Tottenham,0,4,2023-24,epl_2023_24.csv
2024-03-10T00:00:00Z,E0,Brighton,Nott'm Forest,1,0,2023-24,epl_2023_24.csv
2024-03-10T00:00:00Z,E0,Liverpool,Man City,1,1,2023-24,epl_2023_24.csv
2024-03-10T00:00:00Z,E0,West Ham,Burnley,2,2,2023-24,epl_2023_24.csv
2024-03-11T00:00:00Z,E0,Chelsea,Newcastle,3,2,2023-24,epl_2023_24.csv
2024-03-13T00:00:00Z,E0,Bournemouth,Luton,4,3,2023-24,epl_2023_24.csv
2024-03-16T00:00:00Z,E0,Burnley,Brentford,2,1,2023-24,epl_2023_24.csv
2024-03-16T00:00:00Z,E0,Fulham,Tottenham,3,0,2023-24,epl_2023_24.csv
2024-03-16T00:00:00Z,E0,Luton,Nott'm Forest,1,1,2023-24,epl_2023_24.csv
2024-03-17T00:00:00Z,E0,West Ham,Aston Villa,1,1,2023-24,epl_2023_24.csv
2024-03-30T00:00:00Z,E0,Aston Villa,Wolves,2,0,2023-24,epl_2023_24.csv
2024-03-30T00:00:00Z,E0,Bournemouth,Everton,2,1,2023-24,epl_2023_24.csv
2024-03-30T00:00:00Z,E0,Brentford,Man United,1,1,2023-24,epl_2023_24.csv
2024-03-30T00:00:00Z,E0,Chelsea,Burnley,2,2,2023-24,epl_2023_24.csv
2024-03-30T00:00:00Z,E0,Newcastle,West Ham,4,3,2023-24,epl_2023_24.csv
2024-03-30T00:00:00Z,E0,Nott'm Forest,Crystal Palace,1,1,2023-24,epl_2023_24.csv
2024-03-30T00:00:00Z,E0,Sheffield United,Fulham,3,3,2023-24,epl_2023_24.csv
2024-03-30T00:00:00Z,E0,Tottenham,Luton,2,1,2023-24,epl_2023_24.csv
2024-03-31T00:00:00Z,E0,Liverpool,Brighton,2,1,2023-24,epl_2023_24.csv
2024-03-31T00:00:00Z,E0,Man City,Arsenal,0,0,2023-24,epl_2023_24.csv
2024-04-02T00:00:00Z,E0,Bournemouth,Crystal Palace,1,0,2023-24,epl_2023_24.csv
2024-04-02T00:00:00Z,E0,Burnley,Wolves,1,1,2023-24,epl_2023_24.csv
2024-04-02T00:00:00Z,E0,Newcastle,Everton,1,1,2023-24,epl_2023_24.csv
2024-04-02T00:00:00Z,E0,Nott'm Forest,Fulham,3,1,2023-24,epl_2023_24.csv
2024-04-02T00:00:00Z,E0,West Ham,Tottenham,1,1,2023-24,epl_2023_24.csv
2024-04-03T00:00:00Z,E0,Arsenal,Luton,2,0,2023-24,epl_2023_24.csv
2024-04-03T00:00:00Z,E0,Brentford,Brighton,0,0,2023-24,epl_2023_24.csv
2024-04-03T00:00:00Z,E0,Man City,Aston Villa,4,1,2023-24,epl_2023_24.csv
2024-04-04T00:00:00Z,E0,Chelsea,Man United,4,3,2023-24,epl_2023_24.csv
2024-04-04T00:00:00Z,E0,Liverpool,Sheffield United,3,1,2023-24,epl_2023_24.csv
2024-04-06T00:00:00Z,E0,Aston Villa,Brentford,3,3,2023-24,epl_2023_24.csv
2024-04-06T00:00:00Z,E0,Brighton,Arsenal,0,3,2023-24,epl_2023_24.csv
2024-04-06T00:00:00Z,E0,Crystal Palace,Man City,2,4,2023-24,epl_2023_24.csv
2024-04-06T00:00:00Z,E0,Everton,Burnley,1,0,2023-24,epl_2023_24.csv
2024-04-06T00:00:00Z,E0,Fulham,Newcastle,0,1,2023-24,epl_2023_24.csv
2024-04-06T00:00:00Z,E0,Luton,Bournemouth,2,1,2023-24,epl_2023_24.csv
2024-04-06T00:00:00Z,E0,Wolves,West Ham,1,2,2023-24,epl_2023_24.csv
2024-04-07T00:00:00Z,E0,Man United,Liverpool,2,2,2023-24,epl_2023_24.csv
2024-04-07T00:00:00Z,E0,Sheffield United,Chelsea,2,2,2023-24,epl_2023_24.csv
2024-04-07T00:00:00Z,E0,Tottenham,Nott'm Forest,3,1,2023-24,epl_2023_24.csv
2024-04-13T00:00:00Z,E0,Bournemouth,Man United,2,2,2023-24,epl_2023_24.csv
2024-04-13T00:00:00Z,E0,Brentford,Sheffield United,2,0,2023-24,epl_2023_24.csv
2024-04-13T00:00:00Z,E0,Burnley,Brighton,1,1,2023-24,epl_2023_24.csv
2024-04-13T00:00:00Z,E0,Man City,Luton,5,1,2023-24,epl_2023_24.csv
2024-04-13T00:00:00Z,E0,Newcastle,Tottenham,4,0,2023-24,epl_2023_24.csv
2024-04-13T00:00:00Z,E0,Nott'm Forest,Wolves,2,2,2023-24,epl_2023_24.csv
2024-04-14T00:00:00Z,E0,Arsenal,Aston Villa,0,2,2023-24,epl_2023_24.csv
2024-04-14T00:00:00Z,E0,Liverpool,Crystal Palace,0,1,2023-24,epl_2023_24.csv
2024-04-14T00:00:00Z,E0,West Ham,Fulham,0,2,2023-24,epl_2023_24.csv
2024-04-15T00:00:00Z,E0,Chelsea,Everton,6,0,2023-24,epl_2023_24.csv
2024-04-20T00:00:00Z,E0,Luton,Brentford,1,5,2023-24,epl_2023_24.csv
2024-04-20T00:00:00Z,E0,Sheffield United,Burnley,1,4,2023-24,epl_2023_24.csv
2024-04-20T00:00:00Z,E0,Wolves,Arsenal,0,2,2023-24,epl_2023_24.csv
2024-04-21T00:00:00Z,E0,Aston Villa,Bournemouth,3,1,2023-24,epl_2023_24.csv
2024-04-21T00:00:00Z,E0,Crystal Palace,West Ham,5,2,2023-24,epl_2023_24.csv
2024-04-21T00:00:00Z,E0,Everton,Nott'm Forest,2,0,2023-24,epl_2023_24.csv
2024-04-21T00:00:00Z,E0,Fulham,Liverpool,1,3,2023-24,epl_2023_24.csv
2024-04-23T00:00:00Z,E0,Arsenal,Chelsea,5,0,2023-24,epl_2023_24.csv
2024-04-24T00:00:00Z,E0,Crystal Palace,Newcastle,2,0,2023-24,epl_2023_24.csv
2024-04-24T00:00:00Z,E0,Everton,Liverpool,2,0,2023-24,epl_2023_24.csv
2024-04-24T00:00:00Z,E0,Man United,Sheffield United,4,2,2023-24,epl_2023_24.csv
2024-04-24T00:00:00Z,E0,Wolves,Bournemouth,0,1,2023-24,epl_2023_24.csv
2024-04-25T00:00:00Z,E0,Brighton,Man City,0,4,2023-24,epl_2023_24.csv
2024-04-27T00:00:00Z,E0,Aston Villa,Chelsea,2,2,2023-24,epl_2023_24.csv
2024-04-27T00:00:00Z,E0,Everton,Brentford,1,0,2023-24,epl_2023_24.csv
2024-04-27T00:00:00Z,E0,Fulham,Crystal Palace,1,1,2023-24,epl_2023_24.csv
2024-04-27T00:00:00Z,E0,Man United,Burnley,1,1,2023-24,epl_2023_24.csv
2024-04-27T00:00:00Z,E0,Newcastle,Sheffield United,5,1,2023-24,epl_2023_24.csv
2024-04-27T00:00:00Z,E0,West Ham,Liverpool,2,2,2023-24,epl_2023_24.csv
2024-04-27T00:00:00Z,E0,Wolves,Luton,2,1,2023-24,epl_2023_24.csv
2024-04-28T00:00:00Z,E0,Bournemouth,Brighton,3,0,2023-24,epl_2023_24.csv
2024-04-28T00:00:00Z,E0,Nott'm Forest,Man City,0,2,2023-24,epl_2023_24.csv
2024-04-28T00:00:00Z,E0,Tottenham,Arsenal,2,3,2023-24,epl_2023_24.csv
2024-05-02T00:00:00Z,E0,Chelsea,Tottenham,2,0,2023-24,epl_2023_24.csv
2024-05-03T00:00:00Z,E0,Luton,Everton,1,1,2023-24,epl_2023_24.csv
2024-05-04T00:00:00Z,E0,Arsenal,Bournemouth,3,0,2023-24,epl_2023_24.csv
2024-05-04T00:00:00Z,E0,Brentford,Fulham,0,0,2023-24,epl_2023_24.csv
2024-05-04T00:00:00Z,E0,Burnley,Newcastle,1,4,2023-24,epl_2023_24.csv
2024-05-04T00:00:00Z,E0,Man City,Wolves,5,1,2023-24,epl_2023_24.csv
2024-05-04T00:00:00Z,E0,Sheffield United,Nott'm Forest,1,3,2023-24,epl_2023_24.csv
2024-05-05T00:00:00Z,E0,Brighton,Aston Villa,1,0,2023-24,epl_2023_24.csv
2024-05-05T00:00:00Z,E0,Chelsea,West Ham,5,0,2023-24,epl_2023_24.csv
2024-05-05T00:00:00Z,E0,Liverpool,Tottenham,4,2,2023-24,epl_2023_24.csv
2024-05-06T00:00:00Z,E0,Crystal Palace,Man United,4,0,2023-24,epl_2023_24.csv
2024-05-11T00:00:00Z,E0,Bournemouth,Brentford,1,2,2023-24,epl_2023_24.csv
2024-05-11T00:00:00Z,E0,Everton,Sheffield United,1,0,2023-24,epl_2023_24.csv
2024-05-11T00:00:00Z,E0,Fulham,Man City,0,4,2023-24,epl_2023_24.csv
2024-05-11T00:00:00Z,E0,Newcastle,Brighton,1,1,2023-24,epl_2023_24.csv
2024-05-11T00:00:00Z,E0,Nott'm Forest,Chelsea,2,3,2023-24,epl_2023_24.csv
2024-05-11T00:00:00Z,E0,Tottenham,Burnley,2,1,2023-24,epl_2023_24.csv
2024-05-11T00:00:00Z,E0,West Ham,Luton,3,1,2023-24,epl_2023_24.csv
2024-05-11T00:00:00Z,E0,Wolves,Crystal Palace,1,3,2023-24,epl_2023_24.csv
2024-05-12T00:00:00Z,E0,Man United,Arsenal,0,1,2023-24,epl_2023_24.csv
2024-05-13T00:00:00Z,E0,Aston Villa,Liverpool,3,3,2023-24,epl_2023_24.csv
2024-05-14T00:00:00Z,E0,Tottenham,Man City,0,2,2023-24,epl_2023_24.csv
2024-05-15T00:00:00Z,E0,Brighton,Chelsea,1,2,2023-24,epl_2023_24.csv
2024-05-15T00:00:00Z,E0,Man United,Newcastle,3,2,2023-24,epl_2023_24.csv
2024-05-19T00:00:00Z,E0,Arsenal,Everton,2,1,2023-24,epl_2023_24.csv
2024-05-19T00:00:00Z,E0,Brentford,Newcastle,2,4,2023-24,epl_2023_24.csv
2024-05-19T00:00:00Z,E0,Brighton,Man United,0,2,2023-24,epl_2023_24.csv
2024-05-19T00:00:00Z,E0,Burnley,Nott'm Forest,1,2,2023-24,epl_2023_24.csv
2024-05-19T00:00:00Z,E0,Chelsea,Bournemouth,2,1,2023-24,epl_2023_24.csv
2024-05-19T00:00:00Z,E0,Crystal Palace,Aston Villa,5,0,2023-24,epl_2023_24.csv
2024-05-19T00:00:00Z,E0,Liverpool,Wolves,2,0,2023-24,epl_2023_24.csv
2024-05-19T00:00:00Z,E0,Luton,Fulham,2,4,2023-24,epl_2023_24.csv
2024-05-19T00:00:00Z,E0,Man City,West Ham,3,1,2023-24,epl_2023_24.csv
2024-05-19T00:00:00Z,E0,Sheffield United,Tottenham,0,3,2023-24,epl_2023_24.csv
2024-08-16T00:00:00Z,E0,Man United,Fulham,1,0,2024-25,epl_2024_25.csv
2024-08-17T00:00:00Z,E0,Arsenal,Wolves,2,0,2024-25,epl_2024_25.csv
2024-08-17T00:00:00Z,E0,Everton,Brighton,0,3,2024-25,epl_2024_25.csv
2024-08-17T00:00:00Z,E0,Ipswich,Liverpool,0,2,2024-25,epl_2024_25.csv
2024-08-17T00:00:00Z,E0,Newcastle,Southampton,1,0,2024-25,epl_2024_25.csv
2024-08-17T00:00:00Z,E0,Nott'm Forest,Bournemouth,1,1,2024-25,epl_2024_25.csv
2024-08-17T00:00:00Z,E0,West Ham,Aston Villa,1,2,2024-25,epl_2024_25.csv
2024-08-18T00:00:00Z,E0,Brentford,Crystal Palace,2,1,2024-25,epl_2024_25.csv
2024-08-18T00:00:00Z,E0,Chelsea,Man City,0,2,2024-25,epl_2024_25.csv
2024-08-19T00:00:00Z,E0,Leicester,Tottenham,1,1,2024-25,epl_2024_25.csv
2024-08-24T00:00:00Z,E0,Aston Villa,Arsenal,0,2,2024-25,epl_2024_25.csv
2024-08-24T00:00:00Z,E0,Brighton,Man United,2,1,2024-25,epl_2024_25.csv
2024-08-24T00:00:00Z,E0,Crystal Palace,West Ham,0,2,2024-25,epl_2024_25.csv
2024-08-24T00:00:00Z,E0,Fulham,Leicester,2,1,2024-25,epl_2024_25.csv
2024-08-24T00:00:00Z,E0,Man City,Ipswich,4,1,2024-25,epl_2024_25.csv
2024-08-24T00:00:00Z,E0,Southampton,Nott'm Forest,0,1,2024-25,epl_2024_25.csv
2024-08-24T00:00:00Z,E0,Tottenham,Everton,4,0,2024-25,epl_2024_25.csv
2024-08-25T00:00:00Z,E0,Bournemouth,Newcastle,1,1,2024-25,epl_2024_25.csv
2024-08-25T00:00:00Z,E0,Liverpool,Brentford,2,0,2024-25,epl_2024_25.csv
2024-08-25T00:00:00Z,E0,Wolves,Chelsea,2,6,2024-25,epl_2024_25.csv
2024-08-31T00:00:00Z,E0,Arsenal,Brighton,1,1,2024-25,epl_2024_25.csv
2024-08-31T00:00:00Z,E0,Brentford,Southampton,3,1,2024-25,epl_2024_25.csv
2024-08-31T00:00:00Z,E0,Everton,Bournemouth,2,3,2024-25,epl_2024_25.csv
2024-08-31T00:00:00Z,E0,Ipswich,Fulham,1,1,2024-25,epl_2024_25.csv
2024-08-31T00:00:00Z,E0,Leicester,Aston Villa,1,2,2024-25,epl_2024_25.csv
2024-08-31T00:00:00Z,E0,Nott'm Forest,Wolves,1,1,2024-25,epl_2024_25.csv
2024-08-31T00:00:00Z,E0,West Ham,Man City,1,3,2024-25,epl_2024_25.csv
2024-09-01T00:00:00Z,E0,Chelsea,Crystal Palace,1,1,2024-25,epl_2024_25.csv
2024-09-01T00:00:00Z,E0,Man United,Liverpool,0,3,2024-25,epl_2024_25.csv
2024-09-01T00:00:00Z,E0,Newcastle,Tottenham,2,1,2024-25,epl_2024_25.csv
2024-09-14T00:00:00Z,E0,Aston Villa,Everton,3,2,2024-25,epl_2024_25.csv
2024-09-14T00:00:00Z,E0,Bournemouth,Chelsea,0,1,2024-25,epl_2024_25.csv
2024-09-14T00:00:00Z,E0,Brighton,Ipswich,0,0,2024-25,epl_2024_25.csv
2024-09-14T00:00:00Z,E0,Crystal Palace,Leicester,2,2,2024-25,epl_2024_25.csv
2024-09-14T00:00:00Z,E0,Fulham,West Ham,1,1,2024-25,epl_2024_25.csv
2024-09-14T00:00:00Z,E0,Liverpool,Nott'm Forest,0,1,2024-25,epl_2024_25.csv
2024-09-14T00:00:00Z,E0,Man City,Brentford,2,1,2024-25,epl_2024_25.csv
2024-09-14T00:00:00Z,E0,Southampton,Man United,0,3,2024-25,epl_2024_25.csv
2024-09-15T00:00:00Z,E0,Tottenham,Arsenal,0,1,2024-25,epl_2024_25.csv
2024-09-15T00:00:00Z,E0,Wolves,Newcastle,1,2,2024-25,epl_2024_25.csv
2024-09-21T00:00:00Z,E0,Aston Villa,Wolves,3,1,2024-25,epl_2024_25.csv
2024-09-21T00:00:00Z,E0,Crystal Palace,Man United,0,0,2024-25,epl_2024_25.csv
2024-09-21T00:00:00Z,E0,Fulham,Newcastle,3,1,2024-25,epl_2024_25.csv
2024-09-21T00:00:00Z,E0,Leicester,Everton,1,1,2024-25,epl_2024_25.csv
2024-09-21T00:00:00Z,E0,Liverpool,Bournemouth,3,0,2024-25,epl_2024_25.csv
2024-09-21T00:00:00Z,E0,Southampton,Ipswich,1,1,2024-25,epl_2024_25.csv
2024-09-21T00:00:00Z,E0,Tottenham,Brentford,3,1,2024-25,epl_2024_25.csv
2024-09-21T00:00:00Z,E0,West Ham,Chelsea,0,3,2024-25,epl_2024_25.csv
2024-09-22T00:00:00Z,E0,Brighton,Nott'm Forest,2,2,2024-25,epl_2024_25.csv
2024-09-22T00:00:00Z,E0,Man City,Arsenal,2,2,2024-25,epl_2024_25.csv
2024-09-28T00:00:00Z,E0,Arsenal,Leicester,4,2,2024-25,epl_2024_25.csv
2024-09-28T00:00:00Z,E0,Brentford,West Ham,1,1,2024-25,epl_2024_25.csv
2024-09-28T00:00:00Z,E0,Chelsea,Brighton,4,2,2024-25,epl_2024_25.csv
2024-09-28T00:00:00Z,E0,Everton,Crystal Palace,2,1,2024-25,epl_2024_25.csv
2024-09-28T00:00:00Z,E0,Newcastle,Man City,1,1,2024-25,epl_2024_25.csv
2024-09-28T00:00:00Z,E0,Nott'm Forest,Fulham,0,1,2024-25,epl_2024_25.csv
2024-09-28T00:00:00Z,E0,Wolves,Liverpool,1,2,2024-25,epl_2024_25.csv
2024-09-29T00:00:00Z,E0,Ipswich,Aston Villa,2,2,2024-25,epl_2024_25.csv
2024-09-29T00:00:00Z,E0,Man United,Tottenham,0,3,2024-25,epl_2024_25.csv
2024-09-30T00:00:00Z,E0,Bournemouth,Southampton,3,1,2024-25,epl_2024_25.csv
2024-10-05T00:00:00Z,E0,Arsenal,Southampton,3,1,2024-25,epl_2024_25.csv
2024-10-05T00:00:00Z,E0,Brentford,Wolves,5,3,2024-25,epl_2024_25.csv
2024-10-05T00:00:00Z,E0,Crystal Palace,Liverpool,0,1,2024-25,epl_2024_25.csv
2024-10-05T00:00:00Z,E0,Everton,Newcastle,0,0,2024-25,epl_2024_25.csv
2024-10-05T00:00:00Z,E0,Leicester,Bournemouth,1,0,2024-25,epl_2024_25.csv
2024-10-05T00:00:00Z,E0,Man City,Fulham,3,2,2024-25,epl_2024_25.csv
2024-10-05T00:00:00Z,E0,West Ham,Ipswich,4,1,2024-25,epl_2024_25.csv
2024-10-06T00:00:00Z,E0,Aston Villa,Man United,0,0,2024-25,epl_2024_25.csv
2024-10-06T00:00:00Z,E0,Brighton,Tottenham,3,2,2024-25,epl_2024_25.csv
2024-10-06T00:00:00Z,E0,Chelsea,Nott'm Forest,1,1,2024-25,epl_2024_25.csv
2024-10-19T00:00:00Z,E0,Bournemouth,Arsenal,2,0,2024-25,epl_2024_25.csv
2024-10-19T00:00:00Z,E0,Fulham,Aston Villa,1,3,2024-25,epl_2024_25.csv
2024-10-19T00:00:00Z,E0,Ipswich,Everton,0,2,2024-25,epl_2024_25.csv
2024-10-19T00:00:00Z,E0,Man United,Brentford,2,1,2024-25,epl_2024_25.csv
2024-10-19T00:00:00Z,E0,Newcastle,Brighton,0,1,2024-25,epl_2024_25.csv
2024-10-19T00:00:00Z,E0,Southampton,Leicester,2,3,2024-25,epl_2024_25.csv
2024-10-19T00:00:00Z,E0,Tottenham,West Ham,4,1,2024-25,epl_2024_25.csv
2024-10-20T00:00:00Z,E0,Liverpool,Chelsea,2,1,2024-25,epl_2024_25.csv
2024-10-20T00:00:00Z,E0,Wolves,Man City,1,2,2024-25,epl_2024_25.csv
2024-10-21T00:00:00Z,E0,Nott'm Forest,Crystal Palace,1,0,2024-25,epl_2024_25.csv
2024-10-25T00:00:00Z,E0,Leicester,Nott'm Forest,1,3,2024-25,epl_2024_25.csv
2024-10-26T00:00:00Z,E0,Aston Villa,Bournemouth,1,1,2024-25,epl_2024_25.csv
2024-10-26T00:00:00Z,E0,Brentford,Ipswich,4,3,2024-25,epl_2024_25.csv
2024-10-26T00:00:00Z,E0,Brighton,Wolves,2,2,2024-25,epl_2024_25.csv
2024-10-26T00:00:00Z,E0,Everton,Fulham,1,1,2024-25,epl_2024_25.csv
2024-10-26T00:00:00Z,E0,Man City,Southampton,1,0,2024-25,epl_2024_25.csv
2024-10-27T00:00:00Z,E0,Arsenal,Liverpool,2,2,2024-25,epl_2024_25.csv
2024-10-27T00:00:00Z,E0,Chelsea,Newcastle,2,1,2024-25,epl_2024_25.csv
2024-10-27T00:00:00Z,E0,Crystal Palace,Tottenham,1,0,2024-25,epl_2024_25.csv
2024-10-27T00:00:00Z,E0,West Ham,Man United,2,1,2024-25,epl_2024_25.csv
2024-11-02T00:00:00Z,E0,Bournemouth,Man City,2,1,2024-25,epl_2024_25.csv
2024-11-02T00:00:00Z,E0,Ipswich,Leicester,1,1,2024-25,epl_2024_25.csv
2024-11-02T00:00:00Z,E0,Liverpool,Brighton,2,1,2024-25,epl_2024_25.csv
2024-11-02T00:00:00Z,E0,Newcastle,Arsenal,1,0,2024-25,epl_2024_25.csv
2024-11-02T00:00:00Z,E0,Nott'm Forest,West Ham,3,0,2024-25,epl_2024_25.csv
2024-11-02T00:00:00Z,E0,Southampton,Everton,1,0,2024-25,epl_2024_25.csv
2024-11-02T00:00:00Z,E0,Wolves,Crystal Palace,2,2,2024-25,epl_2024_25.csv
2024-11-03T00:00:00Z,E0,Man United,Chelsea,1,1,2024-25,epl_2024_25.csv
2024-11-03T00:00:00Z,E0,Tottenham,Aston Villa,4,1,2024-25,epl_2024_25.csv
2024-11-04T00:00:00Z,E0,Fulham,Brentford,2,1,2024-25,epl_2024_25.csv
2024-11-09T00:00:00Z,E0,Brentford,Bournemouth,3,2,2024-25,epl_2024_25.csv
2024-11-09T00:00:00Z,E0,Brighton,Man City,2,1,2024-25,epl_2024_25.csv
2024-11-09T00:00:00Z,E0,Crystal Palace,Fulham,0,2,2024-25,epl_2024_25.csv
2024-11-09T00:00:00Z,E0,Liverpool,Aston Villa,2,0,2024-25,epl_2024_25.csv
2024-11-09T00:00:00Z,E0,West Ham,Everton,0,0,2024-25,epl_2024_25.csv
2024-11-09T00:00:00Z,E0,Wolves,Southampton,2,0,2024-25,epl_2024_25.csv
2024-11-10T00:00:00Z,E0,Chelsea,Arsenal,1,1,2024-25,epl_2024_25.csv
2024-11-10T00:00:00Z,E0,Man United,Leicester,3,0,2024-25,epl_2024_25.csv
2024-11-10T00:00:00Z,E0,Nott'm Forest,Newcastle,1,3,2024-25,epl_2024_25.csv
2024-11-10T00:00:00Z,E0,Tottenham,Ipswich,1,2,2024-25,epl_2024_25.csv
2024-11-23T00:00:00Z,E0,Arsenal,Nott'm Forest,3,0,2024-25,epl_2024_25.csv
2024-11-23T00:00:00Z,E0,Aston Villa,Crystal Palace,2,2,2024-25,epl_2024_25.csv
2024-11-23T00:00:00Z,E0,Bournemouth,Brighton,1,2,2024-25,epl_2024_25.csv
2024-11-23T00:00:00Z,E0,Everton,Brentford,0,0,2024-25,epl_2024_25.csv
2024-11-23T00:00:00Z,E0,Fulham,Wolves,1,4,2024-25,epl_2024_25.csv
2024-11-23T00:00:00Z,E0,Leicester,Chelsea,1,2,2024-25,epl_2024_25.csv
2024-11-23T00:00:00Z,E0,Man City,Tottenham,0,4,2024-25,epl_2024_25.csv
2024-11-24T00:00:00Z,E0,Ipswich,Man United,1,1,2024-25,epl_2024_25.csv
2024-11-24T00:00:00Z,E0,Southampton,Liverpool,2,3,2024-25,epl_2024_25.csv
2024-11-25T00:00:00Z,E0,Newcastle,West Ham,0,2,2024-25,epl_2024_25.csv
2024-11-29T00:00:00Z,E0,Brighton,Southampton,1,1,2024-25,epl_2024_25.csv
2024-11-30T00:00:00Z,E0,Brentford,Leicester,4,1,2024-25,epl_2024_25.csv
2024-11-30T00:00:00Z,E0,Crystal Palace,Newcastle,1,1,2024-25,epl_2024_25.csv
2024-11-30T00:00:00Z,E0,Nott'm Forest,Ipswich,1,0,2024-25,epl_2024_25.csv
2024-11-30T00:00:00Z,E0,West Ham,Arsenal,2,5,2024-25,epl_2024_25.csv
2024-11-30T00:00:00Z,E0,Wolves,Bournemouth,2,4,2024-25,epl_2024_25.csv
2024-12-01T00:00:00Z,E0,Chelsea,Aston Villa,3,0,2024-25,epl_2024_25.csv
2024-12-01T00:00:00Z,E0,Liverpool,Man City,2,0,2024-25,epl_2024_25.csv
2024-12-01T00:00:00Z,E0,Man United,Everton,4,0,2024-25,epl_2024_25.csv
2024-12-01T00:00:00Z,E0,Tottenham,Fulham,1,1,2024-25,epl_2024_25.csv
2024-12-03T00:00:00Z,E0,Ipswich,Crystal Palace,0,1,2024-25,epl_2024_25.csv
2024-12-03T00:00:00Z,E0,Leicester,West Ham,3,1,2024-25,epl_2024_25.csv
2024-12-04T00:00:00Z,E0,Arsenal,Man United,2,0,2024-25,epl_2024_25.csv
2024-12-04T00:00:00Z,E0,Aston Villa,Brentford,3,1,2024-25,epl_2024_25.csv
2024-12-04T00:00:00Z,E0,Everton,Wolves,4,0,2024-25,epl_2024_25.csv
2024-12-04T00:00:00Z,E0,Man City,Nott'm Forest,3,0,2024-25,epl_2024_25.csv
2024-12-04T00:00:00Z,E0,Newcastle,Liverpool,3,3,2024-25,epl_2024_25.csv
2024-12-04T00:00:00Z,E0,Southampton,Chelsea,1,5,2024-25,epl_2024_25.csv
2024-12-05T00:00:00Z,E0,Bournemouth,Tottenham,1,0,2024-25,epl_2024_25.csv
2024-12-05T00:00:00Z,E0,Fulham,Brighton,3,1,2024-25,epl_2024_25.csv
2024-12-07T00:00:00Z,E0,Aston Villa,Southampton,1,0,2024-25,epl_2024_25.csv
2024-12-07T00:00:00Z,E0,Brentford,Newcastle,4,2,2024-25,epl_2024_25.csv
2024-12-07T00:00:00Z,E0,Crystal Palace,Man City,2,2,2024-25,epl_2024_25.csv
2024-12-07T00:00:00Z,E0,Man United,Nott'm Forest,2,3,2024-25,epl_2024_25.csv
2024-12-08T00:00:00Z,E0,Fulham,Arsenal,1,1,2024-25,epl_2024_25.csv
2024-12-08T00:00:00Z,E0,Ipswich,Bournemouth,1,2,2024-25,epl_2024_25.csv
2024-12-08T00:00:00Z,E0,Leicester,Brighton,2,2,2024-25,epl_2024_25.csv
2024-12-08T00:00:00Z,E0,Tottenham,Chelsea,3,4,2024-25,epl_2024_25.csv
2024-12-09T00:00:00Z,E0,West Ham,Wolves,2,1,2024-25,epl_2024_25.csv
2024-12-14T00:00:00Z,E0,Arsenal,Everton,0,0,2024-25,epl_2024_25.csv
2024-12-14T00:00:00Z,E0,Liverpool,Fulham,2,2,2024-25,epl_2024_25.csv
2024-12-14T00:00:00Z,E0,Newcastle,Leicester,4,0,2024-25,epl_2024_25.csv
2024-12-14T00:00:00Z,E0,Nott'm Forest,Aston Villa,2,1,2024-25,epl_2024_25.csv
2024-12-14T00:00:00Z,E0,Wolves,Ipswich,1,2,2024-25,epl_2024_25.csv
2024-12-15T00:00:00Z,E0,Brighton,Crystal Palace,1,3,2024-25,epl_2024_25.csv
2024-12-15T00:00:00Z,E0,Chelsea,Brentford,2,1,2024-25,epl_2024_25.csv
2024-12-15T00:00:00Z,E0,Man City,Man United,1,2,2024-25,epl_2024_25.csv
2024-12-15T00:00:00Z,E0,Southampton,Tottenham,0,5,2024-25,epl_2024_25.csv
2024-12-16T00:00:00Z,E0,Bournemouth,West Ham,1,1,2024-25,epl_2024_25.csv
2024-12-21T00:00:00Z,E0,Aston Villa,Man City,2,1,2024-25,epl_2024_25.csv
2024-12-21T00:00:00Z,E0,Brentford,Nott'm Forest,0,2,2024-25,epl_2024_25.csv
2024-12-21T00:00:00Z,E0,Crystal Palace,Arsenal,1,5,2024-25,epl_2024_25.csv
2024-12-21T00:00:00Z,E0,Ipswich,Newcastle,0,4,2024-25,epl_2024_25.csv
2024-12-21T00:00:00Z,E0,West Ham,Brighton,1,1,2024-25,epl_2024_25.csv
2024-12-22T00:00:00Z,E0,Everton,Chelsea,0,0,2024-25,epl_2024_25.csv
2024-12-22T00:00:00Z,E0,Fulham,Southampton,0,0,2024-25,epl_2024_25.csv
2024-12-22T00:00:00Z,E0,Leicester,Wolves,0,3,2024-25,epl_2024_25.csv
2024-12-22T00:00:00Z,E0,Man United,Bournemouth,0,3,2024-25,epl_2024_25.csv
2024-12-22T00:00:00Z,E0,Tottenham,Liverpool,3,6,2024-25,epl_2024_25.csv
2024-12-26T00:00:00Z,E0,Bournemouth,Crystal Palace,0,0,2024-25,epl_2024_25.csv
2024-12-26T00:00:00Z,E0,Chelsea,Fulham,1,2,2024-25,epl_2024_25.csv
2024-12-26T00:00:00Z,E0,Liverpool,Leicester,3,1,2024-25,epl_2024_25.csv
2024-12-26T00:00:00Z,E0,Man City,Everton,1,1,2024-25,epl_2024_25.csv
2024-12-26T00:00:00Z,E0,Newcastle,Aston Villa,3,0,2024-25,epl_2024_25.csv
2024-12-26T00:00:00Z,E0,Nott'm Forest,Tottenham,1,0,2024-25,epl_2024_25.csv
2024-12-26T00:00:00Z,E0,Southampton,West Ham,0,1,2024-25,epl_2024_25.csv
2024-12-26T00:00:00Z,E0,Wolves,Man United,2,0,2024-25,epl_2024_25.csv
2024-12-27T00:00:00Z,E0,Arsenal,Ipswich,1,0,2024-25,epl_2024_25.csv
2024-12-27T00:00:00Z,E0,Brighton,Brentford,0,0,2024-25,epl_2024_25.csv
2024-12-29T00:00:00Z,E0,Crystal Palace,Southampton,2,1,2024-25,epl_2024_25.csv
2024-12-29T00:00:00Z,E0,Everton,Nott'm Forest,0,2,2024-25,epl_2024_25.csv
2024-12-29T00:00:00Z,E0,Fulham,Bournemouth,2,2,2024-25,epl_2024_25.csv
2024-12-29T00:00:00Z,E0,Leicester,Man City,0,2,2024-25,epl_2024_25.csv
2024-12-29T00:00:00Z,E0,Tottenham,Wolves,2,2,2024-25,epl_2024_25.csv
2024-12-29T00:00:00Z,E0,West Ham,Liverpool,0,5,2024-25,epl_2024_25.csv
2024-12-30T00:00:00Z,E0,Aston Villa,Brighton,2,2,2024-25,epl_2024_25.csv
2024-12-30T00:00:00Z,E0,Ipswich,Chelsea,2,0,2024-25,epl_2024_25.csv
2024-12-30T00:00:00Z,E0,Man United,Newcastle,0,2,2024-25,epl_2024_25.csv
2025-01-01T00:00:00Z,E0,Brentford,Arsenal,1,3,2024-25,epl_2024_25.csv
2025-01-04T00:00:00Z,E0,Aston Villa,Leicester,2,1,2024-25,epl_2024_25.csv
2025-01-04T00:00:00Z,E0,Bournemouth,Everton,1,0,2024-25,epl_2024_25.csv
2025-01-04T00:00:00Z,E0,Brighton,Arsenal,1,1,2024-25,epl_2024_25.csv
2025-01-04T00:00:00Z,E0,Crystal Palace,Chelsea,1,1,2024-25,epl_2024_25.csv
2025-01-04T00:00:00Z,E0,Man City,West Ham,4,1,2024-25,epl_2024_25.csv
2025-01-04T00:00:00Z,E0,Southampton,Brentford,0,5,2024-25,epl_2024_25.csv
2025-01-04T00:00:00Z,E0,Tottenham,Newcastle,1,2,2024-25,epl_2024_25.csv
2025-01-05T00:00:00Z,E0,Fulham,Ipswich,2,2,2024-25,epl_2024_25.csv
2025-01-05T00:00:00Z,E0,Liverpool,Man United,2,2,2024-25,epl_2024_25.csv
2025-01-06T00:00:00Z,E0,Wolves,Nott'm Forest,0,3,2024-25,epl_2024_25.csv
2025-01-14T00:00:00Z,E0,Brentford,Man City,2,2,2024-25,epl_2024_25.csv
2025-01-14T00:00:00Z,E0,Chelsea,Bournemouth,2,2,2024-25,epl_2024_25.csv
2025-01-14T00:00:00Z,E0,Nott'm Forest,Liverpool,1,1,2024-25,epl_2024_25.csv
2025-01-14T00:00:00Z,E0,West Ham,Fulham,3,2,2024-25,epl_2024_25.csv
2025-01-15T00:00:00Z,E0,Arsenal,Tottenham,2,1,2024-25,epl_2024_25.csv
2025-01-15T00:00:00Z,E0,Everton,Aston Villa,0,1,2024-25,epl_2024_25.csv
2025-01-15T00:00:00Z,E0,Leicester,Crystal Palace,0,2,2024-25,epl_2024_25.csv
2025-01-15T00:00:00Z,E0,Newcastle,Wolves,3,0,2024-25,epl_2024_25.csv
2025-01-16T00:00:00Z,E0,Ipswich,Brighton,0,2,2024-25,epl_2024_25.csv
2025-01-16T00:00:00Z,E0,Man United,Southampton,3,1,2024-25,epl_2024_25.csv
2025-01-18T00:00:00Z,E0,Arsenal,Aston Villa,2,2,2024-25,epl_2024_25.csv
2025-01-18T00:00:00Z,E0,Brentford,Liverpool,0,2,2024-25,epl_2024_25.csv
2025-01-18T00:00:00Z,E0,Leicester,Fulham,0,2,2024-25,epl_2024_25.csv
2025-01-18T00:00:00Z,E0,Newcastle,Bournemouth,1,4,2024-25,epl_2024_25.csv
2025-01-18T00:00:00Z,E0,West Ham,Crystal Palace,0,2,2024-25,epl_2024_25.csv
2025-01-19T00:00:00Z,E0,Everton,Tottenham,3,2,2024-25,epl_2024_25.csv
2025-01-19T00:00:00Z,E0,Ipswich,Man City,0,6,2024-25,epl_2024_25.csv
2025-01-19T00:00:00Z,E0,Man United,Brighton,1,3,2024-25,epl_2024_25.csv
2025-01-19T00:00:00Z,E0,Nott'm Forest,Southampton,3,2,2024-25,epl_2024_25.csv
2025-01-20T00:00:00Z,E0,Chelsea,Wolves,3,1,2024-25,epl_2024_25.csv
2025-01-25T00:00:00Z,E0,Bournemouth,Nott'm Forest,5,0,2024-25,epl_2024_25.csv
2025-01-25T00:00:00Z,E0,Brighton,Everton,0,1,2024-25,epl_2024_25.csv
2025-01-25T00:00:00Z,E0,Liverpool,Ipswich,4,1,2024-25,epl_2024_25.csv
2025-01-25T00:00:00Z,E0,Man City,Chelsea,3,1,2024-25,epl_2024_25.csv
2025-01-25T00:00:00Z,E0,Southampton,Newcastle,1,3,2024-25,epl_2024_25.csv
2025-01-25T00:00:00Z,E0,Wolves,Arsenal,0,1,2024-25,epl_2024_25.csv
2025-01-26T00:00:00Z,E0,Aston Villa,West Ham,1,1,2024-25,epl_2024_25.csv
2025-01-26T00:00:00Z,E0,Crystal Palace,Brentford,1,2,2024-25,epl_2024_25.csv
2025-01-26T00:00:00Z,E0,Fulham,Man United,0,1,2024-25,epl_2024_25.csv
2025-01-26T00:00:00Z,E0,Tottenham,Leicester,1,2,2024-25,epl_2024_25.csv
2025-02-01T00:00:00Z,E0,Bournemouth,Liverpool,0,2,2024-25,epl_2024_25.csv
2025-02-01T00:00:00Z,E0,Everton,Leicester,4,0,2024-25,epl_2024_25.csv
2025-02-01T00:00:00Z,E0,Ipswich,Southampton,1,2,2024-25,epl_2024_25.csv
2025-02-01T00:00:00Z,E0,Newcastle,Fulham,1,2,2024-25,epl_2024_25.csv
2025-02-01T00:00:00Z,E0,Nott'm Forest,Brighton,7,0,2024-25,epl_2024_25.csv
2025-02-01T00:00:00Z,E0,Wolves,Aston Villa,2,0,2024-25,epl_2024_25.csv
2025-02-02T00:00:00Z,E0,Arsenal,Man City,5,1,2024-25,epl_2024_25.csv
2025-02-02T00:00:00Z,E0,Brentford,Tottenham,0,2,2024-25,epl_2024_25.csv
2025-02-02T00:00:00Z,E0,Man United,Crystal Palace,0,2,2024-25,epl_2024_25.csv
2025-02-03T00:00:00Z,E0,Chelsea,West Ham,2,1,2024-25,epl_2024_25.csv
2025-02-12T00:00:00Z,E0,Everton,Liverpool,2,2,2024-25,epl_2024_25.csv
2025-02-14T00:00:00Z,E0,Brighton,Chelsea,3,0,2024-25,epl_2024_25.csv
2025-02-15T00:00:00Z,E0,Aston Villa,Ipswich,1,1,2024-25,epl_2024_25.csv
2025-02-15T00:00:00Z,E0,Crystal Palace,Everton,1,2,2024-25,epl_2024_25.csv
2025-02-15T00:00:00Z,E0,Fulham,Nott'm Forest,2,1,2024-25,epl_2024_25.csv
2025-02-15T00:00:00Z,E0,Leicester,Arsenal,0,2,2024-25,epl_2024_25.csv
2025-02-15T00:00:00Z,E0,Man City,Newcastle,4,0,2024-25,epl_2024_25.csv
2025-02-15T00:00:00Z,E0,Southampton,Bournemouth,1,3,2024-25,epl_2024_25.csv
2025-02-15T00:00:00Z,E0,West Ham,Brentford,0,1,2024-25,epl_2024_25.csv
2025-02-16T00:00:00Z,E0,Liverpool,Wolves,2,1,2024-25,epl_2024_25.csv
2025-02-16T00:00:00Z,E0,Tottenham,Man United,1,0,2024-25,epl_2024_25.csv
2025-02-19T00:00:00Z,E0,Aston Villa,Liverpool,2,2,2024-25,epl_2024_25.csv
2025-02-21T00:00:00Z,E0,Leicester,Brentford,0,4,2024-25,epl_2024_25.csv
2025-02-22T00:00:00Z,E0,Arsenal,West Ham,0,1,2024-25,epl_2024_25.csv
2025-02-22T00:00:00Z,E0,Aston Villa,Chelsea,2,1,2024-25,epl_2024_25.csv
2025-02-22T00:00:00Z,E0,Bournemouth,Wolves,0,1,2024-25,epl_2024_25.csv
2025-02-22T00:00:00Z,E0,Everton,Man United,2,2,2024-25,epl_2024_25.csv
2025-02-22T00:00:00Z,E0,Fulham,Crystal Palace,0,2,2024-25,epl_2024_25.csv
2025-02-22T00:00:00Z,E0,Ipswich,Tottenham,1,4,2024-25,epl_2024_25.csv
2025-02-22T00:00:00Z,E0,Southampton,Brighton,0,4,2024-25,epl_2024_25.csv
2025-02-23T00:00:00Z,E0,Man City,Liverpool,0,2,2024-25,epl_2024_25.csv
2025-02-23T00:00:00Z,E0,Newcastle,Nott'm Forest,4,3,2024-25,epl_2024_25.csv
2025-02-25T00:00:00Z,E0,Brighton,Bournemouth,2,1,2024-25,epl_2024_25.csv
2025-02-25T00:00:00Z,E0,Chelsea,Southampton,4,0,2024-25,epl_2024_25.csv
2025-02-25T00:00:00Z,E0,Crystal Palace,Aston Villa,4,1,2024-25,epl_2024_25.csv
2025-02-25T00:00:00Z,E0,Wolves,Fulham,1,2,2024-25,epl_2024_25.csv
2025-02-26T00:00:00Z,E0,Brentford,Everton,1,1,2024-25,epl_2024_25.csv
2025-02-26T00:00:00Z,E0,Liverpool,Newcastle,2,0,2024-25,epl_2024_25.csv
2025-02-26T00:00:00Z,E0,Man United,Ipswich,3,2,2024-25,epl_2024_25.csv
2025-02-26T00:00:00Z,E0,Nott'm Forest,Arsenal,0,0,2024-25,epl_2024_25.csv
2025-02-26T00:00:00Z,E0,Tottenham,Man City,0,1,2024-25,epl_2024_25.csv
2025-02-27T00:00:00Z,E0,West Ham,Leicester,2,0,2024-25,epl_2024_25.csv
2025-03-08T00:00:00Z,E0,Brentford,Aston Villa,0,1,2024-25,epl_2024_25.csv
2025-03-08T00:00:00Z,E0,Brighton,Fulham,2,1,2024-25,epl_2024_25.csv
2025-03-08T00:00:00Z,E0,Crystal Palace,Ipswich,1,0,2024-25,epl_2024_25.csv
2025-03-08T00:00:00Z,E0,Liverpool,Southampton,3,1,2024-25,epl_2024_25.csv
2025-03-08T00:00:00Z,E0,Nott'm Forest,Man City,1,0,2024-25,epl_2024_25.csv
2025-03-08T00:00:00Z,E0,Wolves,Everton,1,1,2024-25,epl_2024_25.csv
2025-03-09T00:00:00Z,E0,Chelsea,Leicester,1,0,2024-25,epl_2024_25.csv
2025-03-09T00:00:00Z,E0,Man United,Arsenal,1,1,2024-25,epl_2024_25.csv
2025-03-09T00:00:00Z,E0,Tottenham,Bournemouth,2,2,2024-25,epl_2024_25.csv
2025-03-10T00:00:00Z,E0,West Ham,Newcastle,0,1,2024-25,epl_2024_25.csv
2025-03-15T00:00:00Z,E0,Bournemouth,Brentford,1,2,2024-25,epl_2024_25.csv
2025-03-15T00:00:00Z,E0,Everton,West Ham,1,1,2024-25,epl_2024_25.csv
2025-03-15T00:00:00Z,E0,Ipswich,Nott'm Forest,2,4,2024-25,epl_2024_25.csv
2025-03-15T00:00:00Z,E0,Man City,Brighton,2,2,2024-25,epl_2024_25.csv
2025-03-15T00:00:00Z,E0,Southampton,Wolves,1,2,2024-25,epl_2024_25.csv
2025-03-16T00:00:00Z,E0,Arsenal,Chelsea,1,0,2024-25,epl_2024_25.csv
2025-03-16T00:00:00Z,E0,Fulham,Tottenham,2,0,2024-25,epl_2024_25.csv
2025-03-16T00:00:00Z,E0,Leicester,Man United,0,3,2024-25,epl_2024_25.csv
2025-04-01T00:00:00Z,E0,Arsenal,Fulham,2,1,2024-25,epl_2024_25.csv
2025-04-01T00:00:00Z,E0,Nott'm Forest,Man United,1,0,2024-25,epl_2024_25.csv
2025-04-01T00:00:00Z,E0,Wolves,West Ham,1,0,2024-25,epl_2024_25.csv
2025-04-02T00:00:00Z,E0,Bournemouth,Ipswich,1,2,2024-25,epl_2024_25.csv
2025-04-02T00:00:00Z,E0,Brighton,Aston Villa,0,3,2024-25,epl_2024_25.csv
2025-04-02T00:00:00Z,E0,Liverpool,Everton,1,0,2024-25,epl_2024_25.csv
2025-04-02T00:00:00Z,E0,Man City,Leicester,2,0,2024-25,epl_2024_25.csv
2025-04-02T00:00:00Z,E0,Newcastle,Brentford,2,1,2024-25,epl_2024_25.csv
2025-04-02T00:00:00Z,E0,Southampton,Crystal Palace,1,1,2024-25,epl_2024_25.csv
2025-04-03T00:00:00Z,E0,Chelsea,Tottenham,1,0,2024-25,epl_2024_25.csv
2025-04-05T00:00:00Z,E0,Aston Villa,Nott'm Forest,2,1,2024-25,epl_2024_25.csv
2025-04-05T00:00:00Z,E0,Crystal Palace,Brighton,2,1,2024-25,epl_2024_25.csv
2025-04-05T00:00:00Z,E0,Everton,Arsenal,1,1,2024-25,epl_2024_25.csv
2025-04-05T00:00:00Z,E0,Ipswich,Wolves,1,2,2024-25,epl_2024_25.csv
2025-04-05T00:00:00Z,E0,West Ham,Bournemouth,2,2,2024-25,epl_2024_25.csv
2025-04-06T00:00:00Z,E0,Brentford,Chelsea,0,0,2024-25,epl_2024_25.csv
2025-04-06T00:00:00Z,E0,Fulham,Liverpool,3,2,2024-25,epl_2024_25.csv
2025-04-06T00:00:00Z,E0,Man United,Man City,0,0,2024-25,epl_2024_25.csv
2025-04-06T00:00:00Z,E0,Tottenham,Southampton,3,1,2024-25,epl_2024_25.csv
2025-04-07T00:00:00Z,E0,Leicester,Newcastle,0,3,2024-25,epl_2024_25.csv
2025-04-12T00:00:00Z,E0,Arsenal,Brentford,1,1,2024-25,epl_2024_25.csv
2025-04-12T00:00:00Z,E0,Brighton,Leicester,2,2,2024-25,epl_2024_25.csv
2025-04-12T00:00:00Z,E0,Man City,Crystal Palace,5,2,2024-25,epl_2024_25.csv
2025-04-12T00:00:00Z,E0,Nott'm Forest,Everton,0,1,2024-25,epl_2024_25.csv
2025-04-12T00:00:00Z,E0,Southampton,Aston Villa,0,3,2024-25,epl_2024_25.csv
2025-04-13T00:00:00Z,E0,Chelsea,Ipswich,2,2,2024-25,epl_2024_25.csv
2025-04-13T00:00:00Z,E0,Liverpool,West Ham,2,1,2024-25,epl_2024_25.csv
2025-04-13T00:00:00Z,E0,Newcastle,Man United,4,1,2024-25,epl_2024_25.csv
2025-04-13T00:00:00Z,E0,Wolves,Tottenham,4,2,2024-25,epl_2024_25.csv
2025-04-14T00:00:00Z,E0,Bournemouth,Fulham,1,0,2024-25,epl_2024_25.csv
2025-04-16T00:00:00Z,E0,Newcastle,Crystal Palace,5,0,2024-25,epl_2024_25.csv
2025-04-19T00:00:00Z,E0,Aston Villa,Newcastle,4,1,2024-25,epl_2024_25.csv
2025-04-19T00:00:00Z,E0,Brentford,Brighton,4,2,2024-25,epl_2024_25.csv
2025-04-19T00:00:00Z,E0,Crystal Palace,Bournemouth,0,0,2024-25,epl_2024_25.csv
2025-04-19T00:00:00Z,E0,Everton,Man City,0,2,2024-25,epl_2024_25.csv
2025-04-19T00:00:00Z,E0,West Ham,Southampton,1,1,2024-25,epl_2024_25.csv
2025-04-20T00:00:00Z,E0,Fulham,Chelsea,1,2,2024-25,epl_2024_25.csv
2025-04-20T00:00:00Z,E0,Ipswich,Arsenal,0,4,2024-25,epl_2024_25.csv
2025-04-20T00:00:00Z,E0,Leicester,Liverpool,0,1,2024-25,epl_2024_25.csv
2025-04-20T00:00:00Z,E0,Man United,Wolves,0,1,2024-25,epl_2024_25.csv
2025-04-21T00:00:00Z,E0,Tottenham,Nott'm Forest,1,2,2024-25,epl_2024_25.csv
2025-04-22T00:00:00Z,E0,Man City,Aston Villa,2,1,2024-25,epl_2024_25.csv
2025-04-23T00:00:00Z,E0,Arsenal,Crystal Palace,2,2,2024-25,epl_2024_25.csv
2025-04-26T00:00:00Z,E0,Brighton,West Ham,3,2,2024-25,epl_2024_25.csv
2025-04-26T00:00:00Z,E0,Chelsea,Everton,1,0,2024-25,epl_2024_25.csv
2025-04-26T00:00:00Z,E0,Newcastle,Ipswich,3,0,2024-25,epl_2024_25.csv
2025-04-26T00:00:00Z,E0,Southampton,Fulham,1,2,2024-25,epl_2024_25.csv
2025-04-26T00:00:00Z,E0,Wolves,Leicester,3,0,2024-25,epl_2024_25.csv
2025-04-27T00:00:00Z,E0,Bournemouth,Man United,1,1,2024-25,epl_2024_25.csv
2025-04-27T00:00:00Z,E0,Liverpool,Tottenham,5,1,2024-25,epl_2024_25.csv
2025-05-01T00:00:00Z,E0,Nott'm Forest,Brentford,0,2,2024-25,epl_2024_25.csv
2025-05-02T00:00:00Z,E0,Man City,Wolves,1,0,2024-25,epl_2024_25.csv
2025-05-03T00:00:00Z,E0,Arsenal,Bournemouth,1,2,2024-25,epl_2024_25.csv
2025-05-03T00:00:00Z,E0,Aston Villa,Fulham,1,0,2024-25,epl_2024_25.csv
2025-05-03T00:00:00Z,E0,Everton,Ipswich,2,2,2024-25,epl_2024_25.csv
2025-05-03T00:00:00Z,E0,Leicester,Southampton,2,0,2024-25,epl_2024_25.csv
2025-05-04T00:00:00Z,E0,Brentford,Man United,4,3,2024-25,epl_2024_25.csv
2025-05-04T00:00:00Z,E0,Brighton,Newcastle,1,1,2024-25,epl_2024_25.csv
2025-05-04T00:00:00Z,E0,Chelsea,Liverpool,3,1,2024-25,epl_2024_25.csv
2025-05-04T00:00:00Z,E0,West Ham,Tottenham,1,1,2024-25,epl_2024_25.csv
2025-05-05T00:00:00Z,E0,Crystal Palace,Nott'm Forest,1,1,2024-25,epl_2024_25.csv
2025-05-10T00:00:00Z,E0,Bournemouth,Aston Villa,0,1,2024-25,epl_2024_25.csv
2025-05-10T00:00:00Z,E0,Fulham,Everton,1,3,2024-25,epl_2024_25.csv
2025-05-10T00:00:00Z,E0,Ipswich,Brentford,0,1,2024-25,epl_2024_25.csv
2025-05-10T00:00:00Z,E0,Southampton,Man City,0,0,2024-25,epl_2024_25.csv
2025-05-10T00:00:00Z,E0,Wolves,Brighton,0,2,2024-25,epl_2024_25.csv
2025-05-11T00:00:00Z,E0,Liverpool,Arsenal,2,2,2024-25,epl_2024_25.csv
2025-05-11T00:00:00Z,E0,Man United,West Ham,0,2,2024-25,epl_2024_25.csv
2025-05-11T00:00:00Z,E0,Newcastle,Chelsea,2,0,2024-25,epl_2024_25.csv
2025-05-11T00:00:00Z,E0,Nott'm Forest,Leicester,2,2,2024-25,epl_2024_25.csv
2025-05-11T00:00:00Z,E0,Tottenham,Crystal Palace,0,2,2024-25,epl_2024_25.csv
2025-05-16T00:00:00Z,E0,Aston Villa,Tottenham,2,0,2024-25,epl_2024_25.csv
2025-05-16T00:00:00Z,E0,Chelsea,Man United,1,0,2024-25,epl_2024_25.csv
2025-05-18T00:00:00Z,E0,Arsenal,Newcastle,1,0,2024-25,epl_2024_25.csv
2025-05-18T00:00:00Z,E0,Brentford,Fulham,2,3,2024-25,epl_2024_25.csv
2025-05-18T00:00:00Z,E0,Everton,Southampton,2,0,2024-25,epl_2024_25.csv
2025-05-18T00:00:00Z,E0,Leicester,Ipswich,2,0,2024-25,epl_2024_25.csv
2025-05-18T00:00:00Z,E0,West Ham,Nott'm Forest,1,2,2024-25,epl_2024_25.csv
2025-05-19T00:00:00Z,E0,Brighton,Liverpool,3,2,2024-25,epl_2024_25.csv
2025-05-20T00:00:00Z,E0,Crystal Palace,Wolves,4,2,2024-25,epl_2024_25.csv
2025-05-20T00:00:00Z,E0,Man City,Bournemouth,3,1,2024-25,epl_2024_25.csv
2025-05-25T00:00:00Z,E0,Bournemouth,Leicester,2,0,2024-25,epl_2024_25.csv
2025-05-25T00:00:00Z,E0,Fulham,Man City,0,2,2024-25,epl_2024_25.csv
2025-05-25T00:00:00Z,E0,Ipswich,West Ham,1,3,2024-25,epl_2024_25.csv
2025-05-25T00:00:00Z,E0,Liverpool,Crystal Palace,1,1,2024-25,epl_2024_25.csv
2025-05-25T00:00:00Z,E0,Man United,Aston Villa,2,0,2024-25,epl_2024_25.csv
2025-05-25T00:00:00Z,E0,Newcastle,Everton,0,1,2024-25,epl_2024_25.csv
2025-05-25T00:00:00Z,E0,Nott'm Forest,Chelsea,0,1,2024-25,epl_2024_25.csv
2025-05-25T00:00:00Z,E0,Southampton,Arsenal,1,2,2024-25,epl_2024_25.csv
2025-05-25T00:00:00Z,E0,Tottenham,Brighton,1,4,2024-25,epl_2024_25.csv
2025-05-25T00:00:00Z,E0,Wolves,Brentford,1,1,2024-25,epl_2024_25.csv
2025-08-15T00:00:00Z,E0,Liverpool,Bournemouth,4,2,2025-26,epl_2025_26.csv
2025-08-16T00:00:00Z,E0,Aston Villa,Newcastle,0,0,2025-26,epl_2025_26.csv
2025-08-16T00:00:00Z,E0,Brighton,Fulham,1,1,2025-26,epl_2025_26.csv
2025-08-16T00:00:00Z,E0,Sunderland,West Ham,3,0,2025-26,epl_2025_26.csv
2025-08-16T00:00:00Z,E0,Tottenham,Burnley,3,0,2025-26,epl_2025_26.csv
2025-08-16T00:00:00Z,E0,Wolves,Man City,0,4,2025-26,epl_2025_26.csv
2025-08-17T00:00:00Z,E0,Chelsea,Crystal Palace,0,0,2025-26,epl_2025_26.csv
2025-08-17T00:00:00Z,E0,Man United,Arsenal,0,1,2025-26,epl_2025_26.csv
2025-08-17T00:00:00Z,E0,Nott'm Forest,Brentford,3,1,2025-26,epl_2025_26.csv
2025-08-18T00:00:00Z,E0,Leeds,Everton,1,0,2025-26,epl_2025_26.csv
2025-08-22T00:00:00Z,E0,West Ham,Chelsea,1,5,2025-26,epl_2025_26.csv
2025-08-23T00:00:00Z,E0,Arsenal,Leeds,5,0,2025-26,epl_2025_26.csv
2025-08-23T00:00:00Z,E0,Bournemouth,Wolves,1,0,2025-26,epl_2025_26.csv
2025-08-23T00:00:00Z,E0,Brentford,Aston Villa,1,0,2025-26,epl_2025_26.csv
2025-08-23T00:00:00Z,E0,Burnley,Sunderland,2,0,2025-26,epl_2025_26.csv
2025-08-23T00:00:00Z,E0,Man City,Tottenham,0,2,2025-26,epl_2025_26.csv
2025-08-24T00:00:00Z,E0,Crystal Palace,Nott'm Forest,1,1,2025-26,epl_2025_26.csv
2025-08-24T00:00:00Z,E0,Everton,Brighton,2,0,2025-26,epl_2025_26.csv
2025-08-24T00:00:00Z,E0,Fulham,Man United,1,1,2025-26,epl_2025_26.csv
2025-08-25T00:00:00Z,E0,Newcastle,Liverpool,2,3,2025-26,epl_2025_26.csv
2025-08-30T00:00:00Z,E0,Chelsea,Fulham,2,0,2025-26,epl_2025_26.csv
2025-08-30T00:00:00Z,E0,Leeds,Newcastle,0,0,2025-26,epl_2025_26.csv
2025-08-30T00:00:00Z,E0,Man United,Burnley,3,2,2025-26,epl_2025_26.csv
2025-08-30T00:00:00Z,E0,Sunderland,Brentford,2,1,2025-26,epl_2025_26.csv
2025-08-30T00:00:00Z,E0,Tottenham,Bournemouth,0,1,2025-26,epl_2025_26.csv
2025-08-30T00:00:00Z,E0,Wolves,Everton,2,3,2025-26,epl_2025_26.csv
2025-08-31T00:00:00Z,E0,Aston Villa,Crystal Palace,0,3,2025-26,epl_2025_26.csv
2025-08-31T00:00:00Z,E0,Brighton,Man City,2,1,2025-26,epl_2025_26.csv
2025-08-31T00:00:00Z,E0,Liverpool,Arsenal,1,0,2025-26,epl_2025_26.csv
2025-08-31T00:00:00Z,E0,Nott'm Forest,West Ham,0,3,2025-26,epl_2025_26.csv
2025-09-13T00:00:00Z,E0,Arsenal,Nott'm Forest,3,0,2025-26,epl_2025_26.csv
2025-09-13T00:00:00Z,E0,Bournemouth,Brighton,2,1,2025-26,epl_2025_26.csv
2025-09-13T00:00:00Z,E0,Brentford,Chelsea,2,2,2025-26,epl_2025_26.csv
2025-09-13T00:00:00Z,E0,Crystal Palace,Sunderland,0,0,2025-26,epl_2025_26.csv
2025-09-13T00:00:00Z,E0,Everton,Aston Villa,0,0,2025-26,epl_2025_26.csv
2025-09-13T00:00:00Z,E0,Fulham,Leeds,1,0,2025-26,epl_2025_26.csv
2025-09-13T00:00:00Z,E0,Newcastle,Wolves,1,0,2025-26,epl_2025_26.csv
2025-09-13T00:00:00Z,E0,West Ham,Tottenham,0,3,2025-26,epl_2025_26.csv
2025-09-14T00:00:00Z,E0,Burnley,Liverpool,0,1,2025-26,epl_2025_26.csv
2025-09-14T00:00:00Z,E0,Man City,Man United,3,0,2025-26,epl_2025_26.csv
2025-09-20T00:00:00Z,E0,Brighton,Tottenham,2,2,2025-26,epl_2025_26.csv
2025-09-20T00:00:00Z,E0,Burnley,Nott'm Forest,1,1,2025-26,epl_2025_26.csv
2025-09-20T00:00:00Z,E0,Fulham,Brentford,3,1,2025-26,epl_2025_26.csv
2025-09-20T00:00:00Z,E0,Liverpool,Everton,2,1,2025-26,epl_2025_26.csv
2025-09-20T00:00:00Z,E0,Man United,Chelsea,2,1,2025-26,epl_2025_26.csv
2025-09-20T00:00:00Z,E0,West Ham,Crystal Palace,1,2,2025-26,epl_2025_26.csv
2025-09-20T00:00:00Z,E0,Wolves,Leeds,1,3,2025-26,epl_2025_26.csv
2025-09-21T00:00:00Z,E0,Arsenal,Man City,1,1,2025-26,epl_2025_26.csv
2025-09-21T00:00:00Z,E0,Bournemouth,Newcastle,0,0,2025-26,epl_2025_26.csv
2025-09-21T00:00:00Z,E0,Sunderland,Aston Villa,1,1,2025-26,epl_2025_26.csv
2025-09-27T00:00:00Z,E0,Brentford,Man United,3,1,2025-26,epl_2025_26.csv
2025-09-27T00:00:00Z,E0,Chelsea,Brighton,1,3,2025-26,epl_2025_26.csv
2025-09-27T00:00:00Z,E0,Crystal Palace,Liverpool,2,1,2025-26,epl_2025_26.csv
2025-09-27T00:00:00Z,E0,Leeds,Bournemouth,2,2,2025-26,epl_2025_26.csv
2025-09-27T00:00:00Z,E0,Man City,Burnley,5,1,2025-26,epl_2025_26.csv
2025-09-27T00:00:00Z,E0,Nott'm Forest,Sunderland,0,1,2025-26,epl_2025_26.csv
2025-09-27T00:00:00Z,E0,Tottenham,Wolves,1,1,2025-26,epl_2025_26.csv
2025-09-28T00:00:00Z,E0,Aston Villa,Fulham,3,1,2025-26,epl_2025_26.csv
2025-09-28T00:00:00Z,E0,Newcastle,Arsenal,1,2,2025-26,epl_2025_26.csv
2025-09-29T00:00:00Z,E0,Everton,West Ham,1,1,2025-26,epl_2025_26.csv
2025-10-03T00:00:00Z,E0,Bournemouth,Fulham,3,1,2025-26,epl_2025_26.csv
2025-10-04T00:00:00Z,E0,Arsenal,West Ham,2,0,2025-26,epl_2025_26.csv
2025-10-04T00:00:00Z,E0,Chelsea,Liverpool,2,1,2025-26,epl_2025_26.csv
2025-10-04T00:00:00Z,E0,Leeds,Tottenham,1,2,2025-26,epl_2025_26.csv
2025-10-04T00:00:00Z,E0,Man United,Sunderland,2,0,2025-26,epl_2025_26.csv
2025-10-05T00:00:00Z,E0,Aston Villa,Burnley,2,1,2025-26,epl_2025_26.csv
2025-10-05T00:00:00Z,E0,Brentford,Man City,0,1,2025-26,epl_2025_26.csv
2025-10-05T00:00:00Z,E0,Everton,Crystal Palace,2,1,2025-26,epl_2025_26.csv
2025-10-05T00:00:00Z,E0,Newcastle,Nott'm Forest,2,0,2025-26,epl_2025_26.csv
2025-10-05T00:00:00Z,E0,Wolves,Brighton,1,1,2025-26,epl_2025_26.csv
2025-10-18T00:00:00Z,E0,Brighton,Newcastle,2,1,2025-26,epl_2025_26.csv
2025-10-18T00:00:00Z,E0,Burnley,Leeds,2,0,2025-26,epl_2025_26.csv
2025-10-18T00:00:00Z,E0,Crystal Palace,Bournemouth,3,3,2025-26,epl_2025_26.csv
2025-10-18T00:00:00Z,E0,Fulham,Arsenal,0,1,2025-26,epl_2025_26.csv
2025-10-18T00:00:00Z,E0,Man City,Everton,2,0,2025-26,epl_2025_26.csv
2025-10-18T00:00:00Z,E0,Nott'm Forest,Chelsea,0,3,2025-26,epl_2025_26.csv
2025-10-18T00:00:00Z,E0,Sunderland,Wolves,2,0,2025-26,epl_2025_26.csv
2025-10-19T00:00:00Z,E0,Liverpool,Man United,1,2,2025-26,epl_2025_26.csv
2025-10-19T00:00:00Z,E0,Tottenham,Aston Villa,1,2,2025-26,epl_2025_26.csv
2025-10-20T00:00:00Z,E0,West Ham,Brentford,0,2,2025-26,epl_2025_26.csv
2025-10-24T00:00:00Z,E0,Leeds,West Ham,2,1,2025-26,epl_2025_26.csv
2025-10-25T00:00:00Z,E0,Brentford,Liverpool,3,2,2025-26,epl_2025_26.csv
2025-10-25T00:00:00Z,E0,Chelsea,Sunderland,1,2,2025-26,epl_2025_26.csv
2025-10-25T00:00:00Z,E0,Man United,Brighton,4,2,2025-26,epl_2025_26.csv
2025-10-25T00:00:00Z,E0,Newcastle,Fulham,2,1,2025-26,epl_2025_26.csv
2025-10-26T00:00:00Z,E0,Arsenal,Crystal Palace,1,0,2025-26,epl_2025_26.csv
2025-10-26T00:00:00Z,E0,Aston Villa,Man City,1,0,2025-26,epl_2025_26.csv
2025-10-26T00:00:00Z,E0,Bournemouth,Nott'm Forest,2,0,2025-26,epl_2025_26.csv
2025-10-26T00:00:00Z,E0,Everton,Tottenham,0,3,2025-26,epl_2025_26.csv
2025-10-26T00:00:00Z,E0,Wolves,Burnley,2,3,2025-26,epl_2025_26.csv
2025-11-01T00:00:00Z,E0,Brighton,Leeds,3,0,2025-26,epl_2025_26.csv
2025-11-01T00:00:00Z,E0,Burnley,Arsenal,0,2,2025-26,epl_2025_26.csv
2025-11-01T00:00:00Z,E0,Crystal Palace,Brentford,2,0,2025-26,epl_2025_26.csv
2025-11-01T00:00:00Z,E0,Fulham,Wolves,3,0,2025-26,epl_2025_26.csv
2025-11-01T00:00:00Z,E0,Liverpool,Aston Villa,2,0,2025-26,epl_2025_26.csv
2025-11-01T00:00:00Z,E0,Nott'm Forest,Man United,2,2,2025-26,epl_2025_26.csv
2025-11-01T00:00:00Z,E0,Tottenham,Chelsea,0,1,2025-26,epl_2025_26.csv
2025-11-02T00:00:00Z,E0,Man City,Bournemouth,3,1,2025-26,epl_2025_26.csv
2025-11-02T00:00:00Z,E0,West Ham,Newcastle,3,1,2025-26,epl_2025_26.csv
2025-11-03T00:00:00Z,E0,Sunderland,Everton,1,1,2025-26,epl_2025_26.csv
2025-11-08T00:00:00Z,E0,Chelsea,Wolves,3,0,2025-26,epl_2025_26.csv
2025-11-08T00:00:00Z,E0,Everton,Fulham,2,0,2025-26,epl_2025_26.csv
2025-11-08T00:00:00Z,E0,Sunderland,Arsenal,2,2,2025-26,epl_2025_26.csv
2025-11-08T00:00:00Z,E0,Tottenham,Man United,2,2,2025-26,epl_2025_26.csv
2025-11-08T00:00:00Z,E0,West Ham,Burnley,3,2,2025-26,epl_2025_26.csv
2025-11-09T00:00:00Z,E0,Aston Villa,Bournemouth,4,0,2025-26,epl_2025_26.csv
2025-11-09T00:00:00Z,E0,Brentford,Newcastle,3,1,2025-26,epl_2025_26.csv
2025-11-09T00:00:00Z,E0,Crystal Palace,Brighton,0,0,2025-26,epl_2025_26.csv
2025-11-09T00:00:00Z,E0,Man City,Liverpool,3,0,2025-26,epl_2025_26.csv
2025-11-09T00:00:00Z,E0,Nott'm Forest,Leeds,3,1,2025-26,epl_2025_26.csv
2025-11-22T00:00:00Z,E0,Bournemouth,West Ham,2,2,2025-26,epl_2025_26.csv
2025-11-22T00:00:00Z,E0,Brighton,Brentford,2,1,2025-26,epl_2025_26.csv
2025-11-22T00:00:00Z,E0,Burnley,Chelsea,0,2,2025-26,epl_2025_26.csv
2025-11-22T00:00:00Z,E0,Fulham,Sunderland,1,0,2025-26,epl_2025_26.csv
2025-11-22T00:00:00Z,E0,Liverpool,Nott'm Forest,0,3,2025-26,epl_2025_26.csv
2025-11-22T00:00:00Z,E0,Newcastle,Man City,2,1,2025-26,epl_2025_26.csv
2025-11-22T00:00:00Z,E0,Wolves,Crystal Palace,0,2,2025-26,epl_2025_26.csv
2025-11-23T00:00:00Z,E0,Arsenal,Tottenham,4,1,2025-26,epl_2025_26.csv
2025-11-23T00:00:00Z,E0,Leeds,Aston Villa,1,2,2025-26,epl_2025_26.csv
2025-11-24T00:00:00Z,E0,Man United,Everton,0,1,2025-26,epl_2025_26.csv
2025-11-29T00:00:00Z,E0,Brentford,Burnley,3,1,2025-26,epl_2025_26.csv
2025-11-29T00:00:00Z,E0,Everton,Newcastle,1,4,2025-26,epl_2025_26.csv
2025-11-29T00:00:00Z,E0,Man City,Leeds,3,2,2025-26,epl_2025_26.csv
2025-11-29T00:00:00Z,E0,Sunderland,Bournemouth,3,2,2025-26,epl_2025_26.csv
2025-11-29T00:00:00Z,E0,Tottenham,Fulham,1,2,2025-26,epl_2025_26.csv
2025-11-30T00:00:00Z,E0,Aston Villa,Wolves,1,0,2025-26,epl_2025_26.csv
2025-11-30T00:00:00Z,E0,Chelsea,Arsenal,1,1,2025-26,epl_2025_26.csv
2025-11-30T00:00:00Z,E0,Crystal Palace,Man United,1,2,2025-26,epl_2025_26.csv
2025-11-30T00:00:00Z,E0,Nott'm Forest,Brighton,0,2,2025-26,epl_2025_26.csv
2025-11-30T00:00:00Z,E0,West Ham,Liverpool,0,2,2025-26,epl_2025_26.csv
2025-12-02T00:00:00Z,E0,Bournemouth,Everton,0,1,2025-26,epl_2025_26.csv
2025-12-02T00:00:00Z,E0,Fulham,Man City,4,5,2025-26,epl_2025_26.csv
2025-12-02T00:00:00Z,E0,Newcastle,Tottenham,2,2,2025-26,epl_2025_26.csv
2025-12-03T00:00:00Z,E0,Arsenal,Brentford,2,0,2025-26,epl_2025_26.csv
2025-12-03T00:00:00Z,E0,Brighton,Aston Villa,3,4,2025-26,epl_2025_26.csv
2025-12-03T00:00:00Z,E0,Burnley,Crystal Palace,0,1,2025-26,epl_2025_26.csv
2025-12-03T00:00:00Z,E0,Leeds,Chelsea,3,1,2025-26,epl_2025_26.csv
2025-12-03T00:00:00Z,E0,Liverpool,Sunderland,1,1,2025-26,epl_2025_26.csv
2025-12-03T00:00:00Z,E0,Wolves,Nott'm Forest,0,1,2025-26,epl_2025_26.csv
2025-12-04T00:00:00Z,E0,Man United,West Ham,1,1,2025-26,epl_2025_26.csv
2025-12-06T00:00:00Z,E0,Aston Villa,Arsenal,2,1,2025-26,epl_2025_26.csv
2025-12-06T00:00:00Z,E0,Bournemouth,Chelsea,0,0,2025-26,epl_2025_26.csv
2025-12-06T00:00:00Z,E0,Everton,Nott'm Forest,3,0,2025-26,epl_2025_26.csv
2025-12-06T00:00:00Z,E0,Leeds,Liverpool,3,3,2025-26,epl_2025_26.csv
2025-12-06T00:00:00Z,E0,Man City,Sunderland,3,0,2025-26,epl_2025_26.csv
2025-12-06T00:00:00Z,E0,Newcastle,Burnley,2,1,2025-26,epl_2025_26.csv
2025-12-06T00:00:00Z,E0,Tottenham,Brentford,2,0,2025-26,epl_2025_26.csv
2025-12-07T00:00:00Z,E0,Brighton,West Ham,1,1,2025-26,epl_2025_26.csv
2025-12-07T00:00:00Z,E0,Fulham,Crystal Palace,1,2,2025-26,epl_2025_26.csv
2025-12-08T00:00:00Z,E0,Wolves,Man United,1,4,2025-26,epl_2025_26.csv
2025-12-13T00:00:00Z,E0,Arsenal,Wolves,2,1,2025-26,epl_2025_26.csv
2025-12-13T00:00:00Z,E0,Burnley,Fulham,2,3,2025-26,epl_2025_26.csv
2025-12-13T00:00:00Z,E0,Chelsea,Everton,2,0,2025-26,epl_2025_26.csv
2025-12-13T00:00:00Z,E0,Liverpool,Brighton,2,0,2025-26,epl_2025_26.csv
2025-12-14T00:00:00Z,E0,Brentford,Leeds,1,1,2025-26,epl_2025_26.csv
2025-12-14T00:00:00Z,E0,Crystal Palace,Man City,0,3,2025-26,epl_2025_26.csv
2025-12-14T00:00:00Z,E0,Nott'm Forest,Tottenham,3,0,2025-26,epl_2025_26.csv
2025-12-14T00:00:00Z,E0,Sunderland,Newcastle,1,0,2025-26,epl_2025_26.csv
2025-12-14T00:00:00Z,E0,West Ham,Aston Villa,2,3,2025-26,epl_2025_26.csv
2025-12-15T00:00:00Z,E0,Man United,Bournemouth,4,4,2025-26,epl_2025_26.csv
2025-12-20T00:00:00Z,E0,Bournemouth,Burnley,1,1,2025-26,epl_2025_26.csv
2025-12-20T00:00:00Z,E0,Brighton,Sunderland,0,0,2025-26,epl_2025_26.csv
2025-12-20T00:00:00Z,E0,Everton,Arsenal,0,1,2025-26,epl_2025_26.csv
2025-12-20T00:00:00Z,E0,Leeds,Crystal Palace,4,1,2025-26,epl_2025_26.csv
2025-12-20T00:00:00Z,E0,Man City,West Ham,3,0,2025-26,epl_2025_26.csv
2025-12-20T00:00:00Z,E0,Newcastle,Chelsea,2,2,2025-26,epl_2025_26.csv
2025-12-20T00:00:00Z,E0,Tottenham,Liverpool,1,2,2025-26,epl_2025_26.csv
2025-12-20T00:00:00Z,E0,Wolves,Brentford,0,2,2025-26,epl_2025_26.csv
2025-12-21T00:00:00Z,E0,Aston Villa,Man United,2,1,2025-26,epl_2025_26.csv
2025-12-22T00:00:00Z,E0,Fulham,Nott'm Forest,1,0,2025-26,epl_2025_26.csv
2025-12-26T00:00:00Z,E0,Man United,Newcastle,1,0,2025-26,epl_2025_26.csv
2025-12-27T00:00:00Z,E0,Arsenal,Brighton,2,1,2025-26,epl_2025_26.csv
2025-12-27T00:00:00Z,E0,Brentford,Bournemouth,4,1,2025-26,epl_2025_26.csv
2025-12-27T00:00:00Z,E0,Burnley,Everton,0,0,2025-26,epl_2025_26.csv
2025-12-27T00:00:00Z,E0,Chelsea,Aston Villa,1,2,2025-26,epl_2025_26.csv
2025-12-27T00:00:00Z,E0,Liverpool,Wolves,2,1,2025-26,epl_2025_26.csv
2025-12-27T00:00:00Z,E0,Nott'm Forest,Man City,1,2,2025-26,epl_2025_26.csv
2025-12-27T00:00:00Z,E0,West Ham,Fulham,0,1,2025-26,epl_2025_26.csv
2025-12-28T00:00:00Z,E0,Crystal Palace,Tottenham,0,1,2025-26,epl_2025_26.csv
2025-12-28T00:00:00Z,E0,Sunderland,Leeds,1,1,2025-26,epl_2025_26.csv
2025-12-30T00:00:00Z,E0,Arsenal,Aston Villa,4,1,2025-26,epl_2025_26.csv
2025-12-30T00:00:00Z,E0,Burnley,Newcastle,1,3,2025-26,epl_2025_26.csv
2025-12-30T00:00:00Z,E0,Chelsea,Bournemouth,2,2,2025-26,epl_2025_26.csv
2025-12-30T00:00:00Z,E0,Man United,Wolves,1,1,2025-26,epl_2025_26.csv
2025-12-30T00:00:00Z,E0,Nott'm Forest,Everton,0,2,2025-26,epl_2025_26.csv
2025-12-30T00:00:00Z,E0,West Ham,Brighton,2,2,2025-26,epl_2025_26.csv
2026-01-01T00:00:00Z,E0,Brentford,Tottenham,0,0,2025-26,epl_2025_26.csv
2026-01-01T00:00:00Z,E0,Crystal Palace,Fulham,1,1,2025-26,epl_2025_26.csv
2026-01-01T00:00:00Z,E0,Liverpool,Leeds,0,0,2025-26,epl_2025_26.csv
2026-01-01T00:00:00Z,E0,Sunderland,Man City,0,0,2025-26,epl_2025_26.csv
2026-01-03T00:00:00Z,E0,Aston Villa,Nott'm Forest,3,1,2025-26,epl_2025_26.csv
2026-01-03T00:00:00Z,E0,Bournemouth,Arsenal,2,3,2025-26,epl_2025_26.csv
2026-01-03T00:00:00Z,E0,Brighton,Burnley,2,0,2025-26,epl_2025_26.csv
2026-01-03T00:00:00Z,E0,Wolves,West Ham,3,0,2025-26,epl_2025_26.csv
2026-01-04T00:00:00Z,E0,Everton,Brentford,2,4,2025-26,epl_2025_26.csv
2026-01-04T00:00:00Z,E0,Fulham,Liverpool,2,2,2025-26,epl_2025_26.csv
2026-01-04T00:00:00Z,E0,Leeds,Man United,1,1,2025-26,epl_2025_26.csv
2026-01-04T00:00:00Z,E0,Man City,Chelsea,1,1,2025-26,epl_2025_26.csv
2026-01-04T00:00:00Z,E0,Newcastle,Crystal Palace,2,0,2025-26,epl_2025_26.csv
2026-01-04T00:00:00Z,E0,Tottenham,Sunderland,1,1,2025-26,epl_2025_26.csv
2026-01-06T00:00:00Z,E0,West Ham,Nott'm Forest,1,2,2025-26,epl_2025_26.csv
2026-01-07T00:00:00Z,E0,Bournemouth,Tottenham,3,2,2025-26,epl_2025_26.csv
2026-01-07T00:00:00Z,E0,Brentford,Sunderland,3,0,2025-26,epl_2025_26.csv
2026-01-07T00:00:00Z,E0,Burnley,Man United,2,2,2025-26,epl_2025_26.csv
2026-01-07T00:00:00Z,E0,Crystal Palace,Aston Villa,0,0,2025-26,epl_2025_26.csv
2026-01-07T00:00:00Z,E0,Everton,Wolves,1,1,2025-26,epl_2025_26.csv
2026-01-07T00:00:00Z,E0,Fulham,Chelsea,2,1,2025-26,epl_2025_26.csv
2026-01-07T00:00:00Z,E0,Man City,Brighton,1,1,2025-26,epl_2025_26.csv
2026-01-07T00:00:00Z,E0,Newcastle,Leeds,4,3,2025-26,epl_2025_26.csv
2026-01-08T00:00:00Z,E0,Arsenal,Liverpool,0,0,2025-26,epl_2025_26.csv
2026-01-17T00:00:00Z,E0,Chelsea,Brentford,2,0,2025-26,epl_2025_26.csv
2026-01-17T00:00:00Z,E0,Leeds,Fulham,1,0,2025-26,epl_2025_26.csv
2026-01-17T00:00:00Z,E0,Liverpool,Burnley,1,1,2025-26,epl_2025_26.csv
2026-01-17T00:00:00Z,E0,Man United,Man City,2,0,2025-26,epl_2025_26.csv
2026-01-17T00:00:00Z,E0,Nott'm Forest,Arsenal,0,0,2025-26,epl_2025_26.csv
2026-01-17T00:00:00Z,E0,Sunderland,Crystal Palace,2,1,2025-26,epl_2025_26.csv
2026-01-17T00:00:00Z,E0,Tottenham,West Ham,1,2,2025-26,epl_2025_26.csv
2026-01-18T00:00:00Z,E0,Aston Villa,Everton,0,1,2025-26,epl_2025_26.csv
2026-01-18T00:00:00Z,E0,Wolves,Newcastle,0,0,2025-26,epl_2025_26.csv
2026-01-19T00:00:00Z,E0,Brighton,Bournemouth,1,1,2025-26,epl_2025_26.csv
2026-01-24T00:00:00Z,E0,Bournemouth,Liverpool,3,2,2025-26,epl_2025_26.csv
2026-01-24T00:00:00Z,E0,Burnley,Tottenham,2,2,2025-26,epl_2025_26.csv
2026-01-24T00:00:00Z,E0,Fulham,Brighton,2,1,2025-26,epl_2025_26.csv
2026-01-24T00:00:00Z,E0,Man City,Wolves,2,0,2025-26,epl_2025_26.csv
2026-01-24T00:00:00Z,E0,West Ham,Sunderland,3,1,2025-26,epl_2025_26.csv
2026-01-25T00:00:00Z,E0,Arsenal,Man United,2,3,2025-26,epl_2025_26.csv
2026-01-25T00:00:00Z,E0,Brentford,Nott'm Forest,0,2,2025-26,epl_2025_26.csv
2026-01-25T00:00:00Z,E0,Crystal Palace,Chelsea,1,3,2025-26,epl_2025_26.csv
2026-01-25T00:00:00Z,E0,Newcastle,Aston Villa,0,2,2025-26,epl_2025_26.csv
2026-01-26T00:00:00Z,E0,Everton,Leeds,1,1,2025-26,epl_2025_26.csv
2026-01-31T00:00:00Z,E0,Brighton,Everton,1,1,2025-26,epl_2025_26.csv
2026-01-31T00:00:00Z,E0,Chelsea,West Ham,3,2,2025-26,epl_2025_26.csv
2026-01-31T00:00:00Z,E0,Leeds,Arsenal,0,4,2025-26,epl_2025_26.csv
2026-01-31T00:00:00Z,E0,Liverpool,Newcastle,4,1,2025-26,epl_2025_26.csv
2026-01-31T00:00:00Z,E0,Wolves,Bournemouth,0,2,2025-26,epl_2025_26.csv
2026-02-01T00:00:00Z,E0,Aston Villa,Brentford,0,1,2025-26,epl_2025_26.csv
2026-02-01T00:00:00Z,E0,Man United,Fulham,3,2,2025-26,epl_2025_26.csv
2026-02-01T00:00:00Z,E0,Nott'm Forest,Crystal Palace,1,1,2025-26,epl_2025_26.csv
2026-02-01T00:00:00Z,E0,Tottenham,Man City,2,2,2025-26,epl_2025_26.csv
2026-02-02T00:00:00Z,E0,Sunderland,Burnley,3,0,2025-26,epl_2025_26.csv
2026-02-06T00:00:00Z,E0,Leeds,Nott'm Forest,3,1,2025-26,epl_2025_26.csv
2026-02-07T00:00:00Z,E0,Arsenal,Sunderland,3,0,2025-26,epl_2025_26.csv
2026-02-07T00:00:00Z,E0,Bournemouth,Aston Villa,1,1,2025-26,epl_2025_26.csv
2026-02-07T00:00:00Z,E0,Burnley,West Ham,0,2,2025-26,epl_2025_26.csv
2026-02-07T00:00:00Z,E0,Fulham,Everton,1,2,2025-26,epl_2025_26.csv
2026-02-07T00:00:00Z,E0,Man United,Tottenham,2,0,2025-26,epl_2025_26.csv
2026-02-07T00:00:00Z,E0,Newcastle,Brentford,2,3,2025-26,epl_2025_26.csv
2026-02-07T00:00:00Z,E0,Wolves,Chelsea,1,3,2025-26,epl_2025_26.csv
2026-02-08T00:00:00Z,E0,Brighton,Crystal Palace,0,1,2025-26,epl_2025_26.csv
2026-02-08T00:00:00Z,E0,Liverpool,Man City,1,2,2025-26,epl_2025_26.csv
2026-02-10T00:00:00Z,E0,Chelsea,Leeds,2,2,2025-26,epl_2025_26.csv
2026-02-10T00:00:00Z,E0,Everton,Bournemouth,1,2,2025-26,epl_2025_26.csv
2026-02-10T00:00:00Z,E0,Tottenham,Newcastle,1,2,2025-26,epl_2025_26.csv
2026-02-10T00:00:00Z,E0,West Ham,Man United,1,1,2025-26,epl_2025_26.csv
2026-02-11T00:00:00Z,E0,Aston Villa,Brighton,1,0,2025-26,epl_2025_26.csv
2026-02-11T00:00:00Z,E0,Crystal Palace,Burnley,2,3,2025-26,epl_2025_26.csv
2026-02-11T00:00:00Z,E0,Man City,Fulham,3,0,2025-26,epl_2025_26.csv
2026-02-11T00:00:00Z,E0,Nott'm Forest,Wolves,0,0,2025-26,epl_2025_26.csv
2026-02-11T00:00:00Z,E0,Sunderland,Liverpool,0,1,2025-26,epl_2025_26.csv
2026-02-12T00:00:00Z,E0,Brentford,Arsenal,1,1,2025-26,epl_2025_26.csv
2026-02-18T00:00:00Z,E0,Wolves,Arsenal,2,2,2025-26,epl_2025_26.csv
2026-02-21T00:00:00Z,E0,Aston Villa,Leeds,1,1,2025-26,epl_2025_26.csv
2026-02-21T00:00:00Z,E0,Brentford,Brighton,0,2,2025-26,epl_2025_26.csv
2026-02-21T00:00:00Z,E0,Chelsea,Burnley,1,1,2025-26,epl_2025_26.csv
2026-02-21T00:00:00Z,E0,Man City,Newcastle,2,1,2025-26,epl_2025_26.csv
2026-02-21T00:00:00Z,E0,West Ham,Bournemouth,0,0,2025-26,epl_2025_26.csv
2026-02-22T00:00:00Z,E0,Crystal Palace,Wolves,1,0,2025-26,epl_2025_26.csv
2026-02-22T00:00:00Z,E0,Nott'm Forest,Liverpool,0,1,2025-26,epl_2025_26.csv
2026-02-22T00:00:00Z,E0,Sunderland,Fulham,1,3,2025-26,epl_2025_26.csv
2026-02-22T00:00:00Z,E0,Tottenham,Arsenal,1,4,2025-26,epl_2025_26.csv
2026-02-23T00:00:00Z,E0,Everton,Man United,0,1,2025-26,epl_2025_26.csv
2026-02-27T00:00:00Z,E0,Wolves,Aston Villa,2,0,2025-26,epl_2025_26.csv
2026-02-28T00:00:00Z,E0,Bournemouth,Sunderland,1,1,2025-26,epl_2025_26.csv
2026-02-28T00:00:00Z,E0,Burnley,Brentford,3,4,2025-26,epl_2025_26.csv
2026-02-28T00:00:00Z,E0,Leeds,Man City,0,1,2025-26,epl_2025_26.csv
2026-02-28T00:00:00Z,E0,Liverpool,West Ham,5,2,2025-26,epl_2025_26.csv
2026-02-28T00:00:00Z,E0,Newcastle,Everton,2,3,2025-26,epl_2025_26.csv
2026-03-01T00:00:00Z,E0,Arsenal,Chelsea,2,1,2025-26,epl_2025_26.csv
2026-03-01T00:00:00Z,E0,Brighton,Nott'm Forest,2,1,2025-26,epl_2025_26.csv
2026-03-01T00:00:00Z,E0,Fulham,Tottenham,2,1,2025-26,epl_2025_26.csv
2026-03-01T00:00:00Z,E0,Man United,Crystal Palace,2,1,2025-26,epl_2025_26.csv
2026-03-03T00:00:00Z,E0,Bournemouth,Brentford,0,0,2025-26,epl_2025_26.csv
2026-03-03T00:00:00Z,E0,Everton,Burnley,2,0,2025-26,epl_2025_26.csv
2026-03-03T00:00:00Z,E0,Leeds,Sunderland,0,1,2025-26,epl_2025_26.csv
2026-03-03T00:00:00Z,E0,Wolves,Liverpool,2,1,2025-26,epl_2025_26.csv
2026-03-04T00:00:00Z,E0,Aston Villa,Chelsea,1,4,2025-26,epl_2025_26.csv
2026-03-04T00:00:00Z,E0,Brighton,Arsenal,0,1,2025-26,epl_2025_26.csv
2026-03-04T00:00:00Z,E0,Fulham,West Ham,0,1,2025-26,epl_2025_26.csv
2026-03-04T00:00:00Z,E0,Man City,Nott'm Forest,2,2,2025-26,epl_2025_26.csv
2026-03-04T00:00:00Z,E0,Newcastle,Man United,2,1,2025-26,epl_2025_26.csv
2026-03-05T00:00:00Z,E0,Tottenham,Crystal Palace,1,3,2025-26,epl_2025_26.csv
2026-03-14T00:00:00Z,E0,Arsenal,Everton,2,0,2025-26,epl_2025_26.csv
2026-03-14T00:00:00Z,E0,Burnley,Bournemouth,0,0,2025-26,epl_2025_26.csv
2026-03-14T00:00:00Z,E0,Chelsea,Newcastle,0,1,2025-26,epl_2025_26.csv
2026-03-14T00:00:00Z,E0,Sunderland,Brighton,0,1,2025-26,epl_2025_26.csv
2026-03-14T00:00:00Z,E0,West Ham,Man City,1,1,2025-26,epl_2025_26.csv
2026-03-15T00:00:00Z,E0,Crystal Palace,Leeds,0,0,2025-26,epl_2025_26.csv
2026-03-15T00:00:00Z,E0,Liverpool,Tottenham,1,1,2025-26,epl_2025_26.csv
2026-03-15T00:00:00Z,E0,Man United,Aston Villa,3,1,2025-26,epl_2025_26.csv
2026-03-15T00:00:00Z,E0,Nott'm Forest,Fulham,0,0,2025-26,epl_2025_26.csv
2026-03-16T00:00:00Z,E0,Brentford,Wolves,2,2,2025-26,epl_2025_26.csv
2026-03-20T00:00:00Z,E0,Bournemouth,Man United,2,2,2025-26,epl_2025_26.csv
2026-03-21T00:00:00Z,E0,Brighton,Liverpool,2,1,2025-26,epl_2025_26.csv
2026-03-21T00:00:00Z,E0,Everton,Chelsea,3,0,2025-26,epl_2025_26.csv
2026-03-21T00:00:00Z,E0,Fulham,Burnley,3,1,2025-26,epl_2025_26.csv
2026-03-21T00:00:00Z,E0,Leeds,Brentford,0,0,2025-26,epl_2025_26.csv
2026-03-22T00:00:00Z,E0,Aston Villa,West Ham,2,0,2025-26,epl_2025_26.csv
2026-03-22T00:00:00Z,E0,Newcastle,Sunderland,1,2,2025-26,epl_2025_26.csv
2026-03-22T00:00:00Z,E0,Tottenham,Nott'm Forest,0,3,2025-26,epl_2025_26.csv
2026-04-10T00:00:00Z,E0,West Ham,Wolves,4,0,2025-26,epl_2025_26.csv
2026-04-11T00:00:00Z,E0,Arsenal,Bournemouth,1,2,2025-26,epl_2025_26.csv
2026-04-11T00:00:00Z,E0,Brentford,Everton,2,2,2025-26,epl_2025_26.csv
2026-04-11T00:00:00Z,E0,Burnley,Brighton,0,2,2025-26,epl_2025_26.csv
2026-04-11T00:00:00Z,E0,Liverpool,Fulham,2,0,2025-26,epl_2025_26.csv
2026-04-12T00:00:00Z,E0,Chelsea,Man City,0,3,2025-26,epl_2025_26.csv
2026-04-12T00:00:00Z,E0,Crystal Palace,Newcastle,2,1,2025-26,epl_2025_26.csv
2026-04-12T00:00:00Z,E0,Nott'm Forest,Aston Villa,1,1,2025-26,epl_2025_26.csv
2026-04-12T00:00:00Z,E0,Sunderland,Tottenham,1,0,2025-26,epl_2025_26.csv
2026-04-13T00:00:00Z,E0,Man United,Leeds,1,2,2025-26,epl_2025_26.csv
2026-04-18T00:00:00Z,E0,Brentford,Fulham,0,0,2025-26,epl_2025_26.csv
2026-04-18T00:00:00Z,E0,Chelsea,Man United,0,1,2025-26,epl_2025_26.csv
2026-04-18T00:00:00Z,E0,Leeds,Wolves,3,0,2025-26,epl_2025_26.csv
2026-04-18T00:00:00Z,E0,Newcastle,Bournemouth,1,2,2025-26,epl_2025_26.csv
2026-04-18T00:00:00Z,E0,Tottenham,Brighton,2,2,2025-26,epl_2025_26.csv
2026-04-19T00:00:00Z,E0,Aston Villa,Sunderland,4,3,2025-26,epl_2025_26.csv
2026-04-19T00:00:00Z,E0,Everton,Liverpool,1,2,2025-26,epl_2025_26.csv
2026-04-19T00:00:00Z,E0,Man City,Arsenal,2,1,2025-26,epl_2025_26.csv
2026-04-19T00:00:00Z,E0,Nott'm Forest,Burnley,4,1,2025-26,epl_2025_26.csv
2026-04-20T00:00:00Z,E0,Crystal Palace,West Ham,0,0,2025-26,epl_2025_26.csv
2026-04-21T00:00:00Z,E0,Brighton,Chelsea,3,0,2025-26,epl_2025_26.csv
2026-04-22T00:00:00Z,E0,Bournemouth,Leeds,2,2,2025-26,epl_2025_26.csv
2026-04-22T00:00:00Z,E0,Burnley,Man City,0,1,2025-26,epl_2025_26.csv
2026-04-24T00:00:00Z,E0,Sunderland,Nott'm Forest,0,5,2025-26,epl_2025_26.csv
2026-04-25T00:00:00Z,E0,Arsenal,Newcastle,1,0,2025-26,epl_2025_26.csv
2026-04-25T00:00:00Z,E0,Fulham,Aston Villa,1,0,2025-26,epl_2025_26.csv
2026-04-25T00:00:00Z,E0,Liverpool,Crystal Palace,3,1,2025-26,epl_2025_26.csv
2026-04-25T00:00:00Z,E0,West Ham,Everton,2,1,2025-26,epl_2025_26.csv
2026-04-25T00:00:00Z,E0,Wolves,Tottenham,0,1,2025-26,epl_2025_26.csv
2026-04-27T00:00:00Z,E0,Man United,Brentford,2,1,2025-26,epl_2025_26.csv
2026-05-01T00:00:00Z,E0,Leeds,Burnley,3,1,2025-26,epl_2025_26.csv
2026-05-02T00:00:00Z,E0,Arsenal,Fulham,3,0,2025-26,epl_2025_26.csv
2026-05-02T00:00:00Z,E0,Brentford,West Ham,3,0,2025-26,epl_2025_26.csv
2026-05-02T00:00:00Z,E0,Newcastle,Brighton,3,1,2025-26,epl_2025_26.csv
2026-05-02T00:00:00Z,E0,Wolves,Sunderland,1,1,2025-26,epl_2025_26.csv
2026-05-03T00:00:00Z,E0,Aston Villa,Tottenham,1,2,2025-26,epl_2025_26.csv
2026-05-03T00:00:00Z,E0,Bournemouth,Crystal Palace,3,0,2025-26,epl_2025_26.csv
2026-05-03T00:00:00Z,E0,Man United,Liverpool,3,2,2025-26,epl_2025_26.csv
2026-05-04T00:00:00Z,E0,Chelsea,Nott'm Forest,1,3,2025-26,epl_2025_26.csv
2026-05-04T00:00:00Z,E0,Everton,Man City,3,3,2025-26,epl_2025_26.csv
2026-05-09T00:00:00Z,E0,Brighton,Wolves,3,0,2025-26,epl_2025_26.csv
2026-05-09T00:00:00Z,E0,Fulham,Bournemouth,0,1,2025-26,epl_2025_26.csv
2026-05-09T00:00:00Z,E0,Liverpool,Chelsea,1,1,2025-26,epl_2025_26.csv
2026-05-09T00:00:00Z,E0,Man City,Brentford,3,0,2025-26,epl_2025_26.csv
2026-05-09T00:00:00Z,E0,Sunderland,Man United,0,0,2025-26,epl_2025_26.csv
2026-05-10T00:00:00Z,E0,Burnley,Aston Villa,2,2,2025-26,epl_2025_26.csv
2026-05-10T00:00:00Z,E0,Crystal Palace,Everton,2,2,2025-26,epl_2025_26.csv
2026-05-10T00:00:00Z,E0,Nott'm Forest,Newcastle,1,1,2025-26,epl_2025_26.csv
2026-05-10T00:00:00Z,E0,West Ham,Arsenal,0,1,2025-26,epl_2025_26.csv
2026-05-11T00:00:00Z,E0,Tottenham,Leeds,1,1,2025-26,epl_2025_26.csv
2026-05-13T00:00:00Z,E0,Man City,Crystal Palace,3,0,2025-26,epl_2025_26.csv
2026-05-15T00:00:00Z,E0,Aston Villa,Liverpool,4,2,2025-26,epl_2025_26.csv
2026-05-17T00:00:00Z,E0,Brentford,Crystal Palace,2,2,2025-26,epl_2025_26.csv
2026-05-17T00:00:00Z,E0,Everton,Sunderland,1,3,2025-26,epl_2025_26.csv
2026-05-17T00:00:00Z,E0,Leeds,Brighton,1,0,2025-26,epl_2025_26.csv
2026-05-17T00:00:00Z,E0,Man United,Nott'm Forest,3,2,2025-26,epl_2025_26.csv
2026-05-17T00:00:00Z,E0,Newcastle,West Ham,3,1,2025-26,epl_2025_26.csv
2026-05-17T00:00:00Z,E0,Wolves,Fulham,1,1,2025-26,epl_2025_26.csv
2026-05-18T00:00:00Z,E0,Arsenal,Burnley,1,0,2025-26,epl_2025_26.csv
2026-05-19T00:00:00Z,E0,Bournemouth,Man City,1,1,2025-26,epl_2025_26.csv
2026-05-19T00:00:00Z,E0,Chelsea,Tottenham,2,1,2025-26,epl_2025_26.csv
2026-05-24T00:00:00Z,E0,Brighton,Man United,0,3,2025-26,epl_2025_26.csv
2026-05-24T00:00:00Z,E0,Burnley,Wolves,1,1,2025-26,epl_2025_26.csv
2026-05-24T00:00:00Z,E0,Crystal Palace,Arsenal,1,2,2025-26,epl_2025_26.csv
2026-05-24T00:00:00Z,E0,Fulham,Newcastle,2,0,2025-26,epl_2025_26.csv
2026-05-24T00:00:00Z,E0,Liverpool,Brentford,1,1,2025-26,epl_2025_26.csv
2026-05-24T00:00:00Z,E0,Man City,Aston Villa,1,2,2025-26,epl_2025_26.csv
2026-05-24T00:00:00Z,E0,Nott'm Forest,Bournemouth,1,1,2025-26,epl_2025_26.csv
2026-05-24T00:00:00Z,E0,Sunderland,Chelsea,2,1,2025-26,epl_2025_26.csv
2026-05-24T00:00:00Z,E0,Tottenham,Everton,1,0,2025-26,epl_2025_26.csv
2026-05-24T00:00:00Z,E0,West Ham,Leeds,3,0,2025-26,epl_2025_26.csv
